문제,선택지,예상 정답,실제 정답,PDF Context,Wikipedia Context
"QUESTION1) 재학 중인 학생이 휴학을 하려면 학기 개시일로부터 며칠 이내에 휴학을 신청하야하나요?
(A) 30일
(B) 45일 
(C) 60일
(D) 90일","QUESTION1) 재학 중인 학생이 휴학을 하려면 학기 개시일로부터 며칠 이내에 휴학을 신청하야하나요?
(A) 30일
(B) 45일 
(C) 60일
(D) 90일",D,D,"제26조(휴학) ① 질병 기타 부득이한 사정으로 3주일 이상 수강할 수 없는 자는 총장의 허가를 얻어 휴학할 수 있다.② 총장은 건강상의 이유로 정상적인 수업을 받을 수 없다고 인정되는 자에 대하여 휴학을명할 수 있다. (개정 1988.7.28)③ 1회의 휴학기간은 1년 이내로 한다. 다만, 교과과정상의 필요에 따라 총장이 지정하는학부, 학과 또는 전공에 있어서는 이를 1년으로 한다. (개정 1996.2.15)④ 휴학기간은 통산하여 3년(건축학전공의 경우 4년, 의예과의 경우 3학기)을 초과할 수없다. 다만, 임신, 출산 및 육아로 인한 휴학, 창업으로 인한 휴학은 2년 이내의 기간을,군복무로 인한 휴학은 의무복무기간을 추가 휴학기간으로 허가할 수 있다. (개정 2013.2.25., 2015.9.18., 2016.2.16.)⑤ 삭제 (1985.9.9.)⑥ 재학 중인 자가 휴학을 하고자 하는 경우 학기개시일로부터 90일 이내에 휴학을 신청하여야 한다. (신설 2015.9.18.)⑦ 신입생, 편입학한 학생, 재입학한 학생은 중대한 질병 및 그에 준하는 사유를 제외하고는 입학 후 첫 학기를 휴학할 수 없다. (신설 2015.9.18.)

제13조(입학시기) 입학시기는 학년개시일로부터 30일 이내로 한다. 다만, 재입학, 편입학 및외국인(외국국적을 보유한 자로서 부모가 모두 외국인인 자)의 신입학 시기는 학기개시일로부터 30일 이내로 할 수 있다. (개정 2000.10.13)

5. 재학중인 자가 휴학한 경우 (신설 2002.10.7)",
"QUESTION2) '재입학은 a회에 한하여 할 수 있다. 다만 제 28조제4호에 의하여 제적된 자는 제적된 날부터 b년이 경과한 후 재입학 할 수 있다.' a와 b가 상수일 때 a+b의 값을 구하면?
(A) 2
(B) 3
(C) 4
(D) A,B,C 중 답 없음","QUESTION2) '재입학은 a회에 한하여 할 수 있다. 다만 제 28조제4호에 의하여 제적된 자는 제적된 날부터 b년이 경과한 후 재입학 할 수 있다.' a와 b가 상수일 때 a+b의 값을 구하면?
(A) 2
(B) 3
(C) 4
(D) A,B,C 중 답 없음",B,A,"제31조(재입학) ① 제28조제1호 부터 제4호까지에 따라 제적된 자 및 제30조에 의하여 자퇴한 자에게는 소속 대학장의 제청에 의하여 총장이 그 정상을 참작하여 정원의 결원이 있을때에 재입학을 허가할 수 있다. (개정 2008.8.19., 2017.8.16.)② 재입학은 1회에 한하여 할 수 있다. 다만, 제28조제4호에 의하여 제적된 자는 제적된날부터 1년이 경과한 후 재입학할 수 있다. (개정 2008.8.19)

② 삭제 (1988.7.28)③ 삭제 (1988.7.28)④ 학기말의 평균성적이 1.60 미만인 학생에게는 학사경고를 하고, 학사경고를 연속 3회받은 학생은 제적한다. 다만, 학사경고를 연속 3회 받아 제적된 자 또는 학사경고를 연속2회 받고 다른 사유로 제적 또는 자퇴하였다가 재입학한 학생은 재입학한 후부터 학사경고를 1회 받은 때에는 제적한다. (개정 2002.11.8., 2017.8.16.)⑤ 성적이 불량하여 한 학년의 전 교과목 또는 일부 교과목을 재수강하여야 할 때에는 학년단위로 2회에 한하여 유급시킬 수 있으며, 재학기간중 2회를 초과할 때에는 제적한다.유급에 관한 사항은 따로 정한다. (개정 1988.7.28., 2015.9.18.)⑥ 제24조의 규정에 의한 재학연한의 만료시까지 총평균성적이 1.70미만인 학생에 대하여는 졸업을 인정하지 아니한다. (개정 2014.11.21)

① (시행일) 이 학칙은 2003년 3월 1일부터 시행한다.② (제적학생 등의 구제를 위한 특례) 이 학칙 시행 당시 구 학칙 제28조 제7호의 사유로 인하여 제적된 자 또는 같은 사유로 자퇴하였다고 인정되는 자는 학칙 제31조 제1항의 규정에불구하고 이 학칙 시행일부터 2년 이내에 재입학을 신청하여 당해 전공(또는 학과)의 정원에여석이 있는 경우에 재입학할 수 있다.",
"QUESTION3) 학생이 소속 학과 또는 전공 이외의 전공 교과목을 총장이 정하는 바에 따라 몇학점 이상 취득한 때에 부전공을 이수한것으로 인정받을 수 있는가?
(A) 15학점
(B) 18학점
(C) 21학점
(D) 25학점","QUESTION3) 학생이 소속 학과 또는 전공 이외의 전공 교과목을 총장이 정하는 바에 따라 몇학점 이상 취득한 때에 부전공을 이수한것으로 인정받을 수 있는가?
(A) 15학점
(B) 18학점
(C) 21학점
(D) 25학점",C,C,"1. 2 이상의 전공(이하 “복수전공”이라 한다)2. 2 이상의 학과, 2 이상의 학부 또는 학과와 학부가 연계하여 제공하는 전공(이하 “연계전공”이라 한다)3. 학생이 소속한 제1전공과정에 기반하여 타학문과의 융복합 교육과정을 제공하는 전공(이하 “융합전공” 이라 한다) (신설 2016.3.31.)4. 학생이 교육과정을 구성하여 대학의 인정을 받은 전공(이하 “자기설계전공”이라 한다)(개정 2016.3.31.)② 전공과목의 소요취득학점수는 학과 또는 전공별로 총장이 따로 정한다. (개정 1998.6.23)③ 학생이 소속 학과 또는 전공 이외의 전공 교과목을 총장이 정하는 바에 따라 21학점이상 취득한 때에는 부전공을 이수한 것으로 인정한다. (개정 1998.6.23)④ 삭제 (1998.6.23)⑤ 각 학과 또는 전공은 총장의 승인을 얻어 최소전공이수학점을 초과하여 일정학점 이상

② 제1항의 규정에 불구하고 총장은 교과과정상의 필요에 따라 특정 학과 또는 전공의 졸업에 필요한 학점을 129학점 이상으로 정할 수 있다. (개정 2012.2.29)③ 학생은 재학기간중 제1항 또는 제2항의 학점외에 훈련학점을 취득하여야 한다.④ 삭제 (2000.6.20.)⑤ 학생은 재학기간 중 제1항 또는 제2항의 학점 내에서 총장이 정하는 소정의 학점을 영어강의로 이수하여야 한다. (신설 2013.11.20)⑥ 스크랜튼학부 자유전공 입학생의 졸업에 필요한 학점은 제1전공의 졸업에 필요한 학점으로 한다. (신설 2009.2.23.)

제35조의3(학점의 인정) ① 다음 각 호의 경우에 취득한 학점은 총장의 승인을 얻어 졸업에필요한 학점의 2분의 1의 범위 안에서 이를 본교에서 취득한 것으로 본다. (개정2012.12.31.)",
"QUESTION4) 다음 보기의 학생들 중 제적을 당하지 않는 사람을 고르면?
(A) 팜 : 징계에 의해 퇴학처분을 받았음 
(B) 엘모 : 성적이 평점평균 1.2 로 학사경고를 연속 3회 받았음
(C) 라마 : 수업료 기타 납입금을 소정 기일 내 납입하지 못하였음
(D) 로라 : 휴학기간 경과 후 3주가 지났으나 갑자기 큰 사고가 났다는 정당한 이유 때문에 복학하지 못하였음","QUESTION4) 다음 보기의 학생들 중 제적을 당하지 않는 사람을 고르면?
(A) 팜 : 징계에 의해 퇴학처분을 받았음 
(B) 엘모 : 성적이 평점평균 1.2 로 학사경고를 연속 3회 받았음
(C) 라마 : 수업료 기타 납입금을 소정 기일 내 납입하지 못하였음
(D) 로라 : 휴학기간 경과 후 3주가 지났으나 갑자기 큰 사고가 났다는 정당한 이유 때문에 복학하지 못하였음",D,D,"1. 휴학기간 경과 후 3주일 이내에 정당한 이유 없이 복학하지 아니한 자2. 삭제 (2017.8.16.)3. 수업료 기타 납입금을 소정 기일 내에 납입하지 아니한 자4. 성적이 불량한 자 (개정 2002.11.8)5. 재학연한 내에 본교 소정 전과정을 이수하지 못한 자 (개정 2014.11.21.)6. 타교에 입학한 자7. 삭제 (2003.2.7)8. 징계에 의하여 퇴학처분을 받은 자 (신설 2002.2.14)

② 삭제 (1988.7.28)③ 삭제 (1988.7.28)④ 학기말의 평균성적이 1.60 미만인 학생에게는 학사경고를 하고, 학사경고를 연속 3회받은 학생은 제적한다. 다만, 학사경고를 연속 3회 받아 제적된 자 또는 학사경고를 연속2회 받고 다른 사유로 제적 또는 자퇴하였다가 재입학한 학생은 재입학한 후부터 학사경고를 1회 받은 때에는 제적한다. (개정 2002.11.8., 2017.8.16.)⑤ 성적이 불량하여 한 학년의 전 교과목 또는 일부 교과목을 재수강하여야 할 때에는 학년단위로 2회에 한하여 유급시킬 수 있으며, 재학기간중 2회를 초과할 때에는 제적한다.유급에 관한 사항은 따로 정한다. (개정 1988.7.28., 2015.9.18.)⑥ 제24조의 규정에 의한 재학연한의 만료시까지 총평균성적이 1.70미만인 학생에 대하여는 졸업을 인정하지 아니한다. (개정 2014.11.21)

제8장 휴학, 복학, 제적, 자퇴 및 재입학 (개정 2017.8.16.)",
"QUESTION5) 2019학년도 휴먼기계바이오공학부의 입학 정원은 몇 명인가? 
(A) 90명 
(B) 100명 
(C) 110명 
(D) 120명","QUESTION5) 2019학년도 휴먼기계바이오공학부의 입학 정원은 몇 명인가? 
(A) 90명 
(B) 100명 
(C) 110명 
(D) 120명",B,C,"[""QUESTION14 2018학년도 신산업융합대학의 입학정원은 몇 명인가?""  ""(A) 390""  ""(B) 514""  ""(C) 240""  ""(D) 229""  ""(E) 408""  ""(F) 120""  ""(G) 138""  ""(H) 248""  ""(I) 295""  ""(D)""]

학부, 학과, 전공별 입학정원(2019학년도) (제5조 관련)

학부, 학과, 전공별 입학정원(2018학년도) (제5조 관련)",
"QUESTION6) 1980학년도 이전 입학생에 대하여 적용하는 등급에 따른 성적점으로 잘못 연결된 것은 무엇인가? 
(A) 등급: A+, 성적점: 4 
(B) 등급: A-: 성적점: 3.5 
(C) 등급: B+, 성적점: 3 
(D) 등급: C, 성적점: 2","QUESTION6) 1980학년도 이전 입학생에 대하여 적용하는 등급에 따른 성적점으로 잘못 연결된 것은 무엇인가? 
(A) 등급: A+, 성적점: 4 
(B) 등급: A-: 성적점: 3.5 
(C) 등급: B+, 성적점: 3 
(D) 등급: C, 성적점: 2",C,B,"부칙(학무 1041.3-932, 1981. 5. 19 개정)① 이 학칙은 1981년 5월 19일부터 시행한다.② 1980학년도 이전 입학생에 대하여는 제39조 제1항의 규정에 불구하고 등급에 따르는 성적점을 다음과 같이 한다.

등 급 성적점A+ A  4A - B+ B  3B - C+ C  2C - D+ D  1D - F  0

[""QUESTION11 성적이 A0인 경우 ________의 성적점을 받는다.""  ""(A) 4.3""  ""(B) 4.2""  ""(C) 4.1""  ""(D) 4.0""  ""(E) 3.9""  ""(F) 3.8""  ""(G) 3.7""  ""(H) 3.6""  ""(I) 3.5""  ""(J) 3.0""  ""(D)""]",
"QUESTION7) 사회체육학과 소속 학생에게 수여하는 학위는 무엇인가? 
(A) 공학사 
(B) 문학사 
(C) 사회학사 
(D) 이학사 ","QUESTION7) 사회체육학과 소속 학생에게 수여하는 학위는 무엇인가? 
(A) 공학사 
(B) 문학사 
(C) 사회학사 
(D) 이학사 ",D,D,"[""QUESTION13 2014학년도 입학생이 공통과학 연계전공을 부전공하는 경우  ________ 학위를 받는다.""  ""(A) 경제학사""  ""(B) 문학사""  ""(C) 건축학사""  ""(D) 음악학사""  ""(E) 공학사""  ""(F) 이학사""  ""(G) 경영학사""  ""(H) 의학사""  ""(I) 벤처경영학사""  ""(F)""]

대학학위의 종류학과 또는 전공(연계전공)문학사 이학사공통사회 공통과학① (시행일) 이 학칙은 2017년 3월 1일부터 시행한다.② (경과조치) 제50조 별표 2와 관련하여, 2016학년도 이전 입학생이 공통사회 또는 공통과학 연계전공을 부·복수전공으로 이수하는 경우에는 구 학칙에 따라 다음과 같이 학사학위를수여한다.

대 학학위의 종류학과 또는 전공사회과학대학문 학 사사회복지학자연과학대학이 학 사분자생명과학공 과 대 학공 학 사컴 퓨 터 학 정보통신학 건축학(4년제) 건축학(5년제)음 악 대 학건 축 학 사 공 학 사 음 악 학 사환 경 학 건 반 악 기 관 현 악 성 악 교 회 음 악 작 곡 한 국 음 악 한조형예술대학 체육과학대학미 술 학 사 이 학 사국 화 회화․판화 조 소 환경디자인 시각정보디자인 산업디자인 패션디자인 섬 유 예 술 도 자 예 술 체 육 학 사회체육학① (시행일) 이 학칙은 2007년 3월 1일부터 시행한다. 다만, 제8조 제4항 제18호는 2005년 8월 13일부터, 제50조 [별표 2] 중 바이오인포매틱스 연계전공은 2006년 9월 1일부터시행한다.② (경과조치) 제50조 [별표 2]와 관련하여, 편제 조정으로 인하여 이 학칙 시행당시 소속대학이 변경되거나 명칭이 변경된 학과(전공) 또는 신입생 모집이 중단된 학과(전공)의 재적생에대하여는 구 학칙에 따라 다음과 같이 학사학위를 수여한다.",
"QUESTION8) 복수전공 신청 자격에 해당하지 않는 것은? 
(A) 1학년을 마친 학생 
(B) 평균 평점이 2.50 이상인 학생 
(C) 졸업 직전 학기에 있는 학생 
(D) 재학생 신분인 경우","QUESTION8) 복수전공 신청 자격에 해당하지 않는 것은? 
(A) 1학년을 마친 학생 
(B) 평균 평점이 2.50 이상인 학생 
(C) 졸업 직전 학기에 있는 학생 
(D) 재학생 신분인 경우",C,C,"② 삭제 (1988.7.28)③ 삭제 (1988.7.28)④ 학기말의 평균성적이 1.60 미만인 학생에게는 학사경고를 하고, 학사경고를 연속 3회받은 학생은 제적한다. 다만, 학사경고를 연속 3회 받아 제적된 자 또는 학사경고를 연속2회 받고 다른 사유로 제적 또는 자퇴하였다가 재입학한 학생은 재입학한 후부터 학사경고를 1회 받은 때에는 제적한다. (개정 2002.11.8., 2017.8.16.)⑤ 성적이 불량하여 한 학년의 전 교과목 또는 일부 교과목을 재수강하여야 할 때에는 학년단위로 2회에 한하여 유급시킬 수 있으며, 재학기간중 2회를 초과할 때에는 제적한다.유급에 관한 사항은 따로 정한다. (개정 1988.7.28., 2015.9.18.)⑥ 제24조의 규정에 의한 재학연한의 만료시까지 총평균성적이 1.70미만인 학생에 대하여는 졸업을 인정하지 아니한다. (개정 2014.11.21)

[""QUESTION20 2019년에 경영학과로 입학하여 통계학과를 복수전공하고 2021년부터 1년간 휴학한 학생은 이화여자대학교에 ________년까지 재학할 수 있다.""  ""(A) 2026""  ""(B) 2027""  ""(C) 2028""  ""(D) 2029""  ""(C)""]

④ 삭제 (2001.1.6)⑤ 계절학기에는 6학점까지 취득하게 할 수 있다. 다만, 휴학 중인 학생은 계절학기에 등록하여 3학점까지 취득할 수 있다. (개정 2003.10.10)⑥ 대학장은 학기말의 평균성적이 1.50 미만인 학생에 대하여 다음 학기의 수강학점수를",
QUESTION9) 이화여자대학교의 설립 정신은 무엇인가요? (A) 공산주의 이념 (B) 불교 정신 (C) 기독교 정신 (D) 자유주의 사상,QUESTION9) 이화여자대학교의 설립 정신은 무엇인가요? (A) 공산주의 이념 (B) 불교 정신 (C) 기독교 정신 (D) 자유주의 사상,C,C,"제1조(목적) 본교는 대한민국의 교육이념과 기독교정신을 바탕으로 하여 학술의 깊은 이론과그 광범하고 정밀한 응용방법을 교수․연구하며, 인격을 도야하여 국가와 인류사회의 발전에공헌할 수 있는 지도여성을 양성함을 목적으로 한다.

이화여자대학교 학칙

이화여자대학교 학칙",
QUESTION10) 이화여자대학교의 위치는 어디인가요? (A) 강남구 (B) 서대문구 (C) 종로구 (D) 송파구,QUESTION10) 이화여자대학교의 위치는 어디인가요? (A) 강남구 (B) 서대문구 (C) 종로구 (D) 송파구,B,B,"제2조(명칭) 본교는 이화여자대학교라 부른다.제3조(위치) 본교는 서울특별시 서대문구 이화여대길 52에 둔다. (개정 2013.2.25.)

이화여자대학교 학칙

이화여자대학교 학칙",
QUESTION11) 학점 기준에 따르면 1학점당 수업 시간은 몇 시간 이상이어야 하나요? (A) 10시간 (B) 15시간 (C) 20시간 (D) 25시간,QUESTION11) 학점 기준에 따르면 1학점당 수업 시간은 몇 시간 이상이어야 하나요? (A) 10시간 (B) 15시간 (C) 20시간 (D) 25시간,B,B,"속 대학장의 제청에 의하여 총장이 따로 정한다. (개정 1985.3.5)제35조(학점) 교과과정이수의 단위는 학점으로 하되, 1학기간 15시간 이상의 수업을 1학점으로 한다. (개정 1999.2.9)

제12조의2(교원의 교수시간) 교원의 교수시간은 매 학년도 30주를 기준으로 연간 15학점에해당하는 15시간을 원칙으로 하되, 자세한 사항은 총장이 따로 정한다. (개정 2014.11.21)

제11조(수업일수) ① 수업일수는 매 학년 30주 이상(매 학기 15주 이상)으로 한다. (개정1996.2.15)",
"QUESTION12) 전공과 관련된 조항으로 올바른 것은?
(A) 2 이상의 학부가 연계하여 제공하는 전공을 복수전공이라 한다.
(B) 학생이 소속한 제1전공과정에 기반하여 타학문과의 융복합 교육과정을 제공하는 전공을 융합전공이라 한다.
(C) 2 이상의 전공을 자기설계전공이라 한다.
(D) 학생이 교육과정을 구성하여 대학의 인정을 받은 전공을 연계전공이라 한다.","QUESTION12) 전공과 관련된 조항으로 올바른 것은?
(A) 2 이상의 학부가 연계하여 제공하는 전공을 복수전공이라 한다.
(B) 학생이 소속한 제1전공과정에 기반하여 타학문과의 융복합 교육과정을 제공하는 전공을 융합전공이라 한다.
(C) 2 이상의 전공을 자기설계전공이라 한다.
(D) 학생이 교육과정을 구성하여 대학의 인정을 받은 전공을 연계전공이라 한다.",B,B,"1. 2 이상의 전공(이하 “복수전공”이라 한다)2. 2 이상의 학과, 2 이상의 학부 또는 학과와 학부가 연계하여 제공하는 전공(이하 “연계전공”이라 한다)3. 학생이 소속한 제1전공과정에 기반하여 타학문과의 융복합 교육과정을 제공하는 전공(이하 “융합전공” 이라 한다) (신설 2016.3.31.)4. 학생이 교육과정을 구성하여 대학의 인정을 받은 전공(이하 “자기설계전공”이라 한다)(개정 2016.3.31.)② 전공과목의 소요취득학점수는 학과 또는 전공별로 총장이 따로 정한다. (개정 1998.6.23)③ 학생이 소속 학과 또는 전공 이외의 전공 교과목을 총장이 정하는 바에 따라 21학점이상 취득한 때에는 부전공을 이수한 것으로 인정한다. (개정 1998.6.23)④ 삭제 (1998.6.23)⑤ 각 학과 또는 전공은 총장의 승인을 얻어 최소전공이수학점을 초과하여 일정학점 이상

제47조(전공, 부전공, 복수전공, 연계전공, 융합전공, 자기설계전공, 심화전공) ① 학생은 학과

을 취득하도록 하는 심화전공을 둘 수 있다. (신설 2007.8.21)⑥ 심화전공 이수에 관한 사항은 총장이 따로 정한다. (신설 2007.8.21)(개정 2007.8.21.)[제목개정 2016.3.31.]",
"QUESTION13) 등록금에 관한 조항으로 올바르지 않은 것은?
(A) 총장은 등록금심의위원회의 구성 및 운영에 관한 사항을 정한다.
(B) 등록기간 만료 전에 휴학원을 제출하여 허가를 얻은 자는 당해 휴학기간의 등록금이 면제된다.
(C) 등록금이 과오납된 경우에는 금액을 반환할 수 없다.
(D) 학생은 매학기 등록시 등록금을 납부하여야 한다.","QUESTION13) 등록금에 관한 조항으로 올바르지 않은 것은?
(A) 총장은 등록금심의위원회의 구성 및 운영에 관한 사항을 정한다.
(B) 등록기간 만료 전에 휴학원을 제출하여 허가를 얻은 자는 당해 휴학기간의 등록금이 면제된다.
(C) 등록금이 과오납된 경우에는 금액을 반환할 수 없다.
(D) 학생은 매학기 등록시 등록금을 납부하여야 한다.",C,C,"제61조(등록금의 면제) ① 등록기간 만료 전에 휴학원을 제출하여 허가를 얻은 자에게는 당해휴학기간의 등록금(입학금은 제외)을 면제한다. (개정 2011.2.24.)

제60조(등록금) 학생은 매 학기 등록시에 수업료 기타 소정의 납입금(이하 “등록금”이라 한다)을 납부하여야 한다. (개정 2011.2.24.)제60조의2(등록금심의위원회) ① 등록금에 관한 제반사항을 심의하기 위하여 등록금심의위원

제62조(등록금의 반환) ① 등록금이 과오납된 경우에는 그 금액을 전액 반환한다. (신설2017.8.16.)",
"QUESTION14) 전공과목은 어떻게 구분되는가?
(A) 전공기초과목과 전공과목
(B) 총장이 따로 정한다
(C) 필수과목과 선택과목
(D) 구분하지 않는다","QUESTION14) 전공과목은 어떻게 구분되는가?
(A) 전공기초과목과 전공과목
(B) 총장이 따로 정한다
(C) 필수과목과 선택과목
(D) 구분하지 않는다",C,C,"제32조(교과목의 분류) 본교의 교과는 교양과목, 전공기초과목 및 전공과목으로 구분한다.

(개정 2011.4.15., 2016.2.16.)제33조(교양과목) 교양과목의 종류와 학점은 총장이 따로 정한다. (개정 1996.2.15)제33조의2 삭제 (2016.2.16.)제34조(전공과목) 전공과목은 필수과목과 선택과목으로 구분하되, 각각 그 종류와 학점은 소

② 총장이 지정하는 교과목에 대하여는 S(합격) 또는 U(불합격)로 성적을 평가한다. 이 경우 S는 성적점 계산에는 포함시키지 아니하고 졸업학점에는 산입한다. (개정 1994.9.6)③ 낙제한 교과목이 필수과목인 때에는 재수강하여야 하고 선택과목인 때에는 재수강할 수있다. (개정 1981.5.19., 2015.9.18.)④ 이미 이수한 교과목의 성적등급이 C+이하인 경우, 해당 교과목을 재수강할 수 있으며,재수강한 교과목의 성적은 A-를 초과할 수 없다. (신설 2015.9.18.)⑤ 교과목을 재수강하였을 때의 성적점 계산에 있어서는 그 재수강전의 성적 대신 새로 이수하여 득점한 성적으로 계산한다. (개정 1988.7.28., 2015.9.18.)⑥ 성적평가의 기준과 방법에 관하여는 총장이 따로 정한다.[본조신설 1981.5.19.]",
"QUESTION15) 학칙개정에 관한 설명으로 옳지 않은 것은?
(A) 학칙 개정과 대학평의원회는 무관하다.
(B) 학칙 개정이 이루어지기 전에, 사전공고를 거쳐야 한다.
(C) 학칙의 개정은 총장이 행한다.
(D) 학칙개정은 교무회의의 심의를 거친다.","QUESTION15) 학칙개정에 관한 설명으로 옳지 않은 것은?
(A) 학칙 개정과 대학평의원회는 무관하다.
(B) 학칙 개정이 이루어지기 전에, 사전공고를 거쳐야 한다.
(C) 학칙의 개정은 총장이 행한다.
(D) 학칙개정은 교무회의의 심의를 거친다.",A,A,"제70조(학칙개정) 이 학칙의 개정은 사전공고, 대학평의원회와 교무회의의 심의를 거쳐 총장이 행한다. (개정 2013.11.20)

제17장 학칙개정 (개정 2009.9.22)

경우에는 대학장의 제청을 거치지 아니할 수 있다. (개정 2015. 2.6.)② 총장은 입학자격을 갖추지 못하였거나 제1항의 입학사정에 사용된 전형자료에 허위나부정이 있다고 판단되는 경우에는 교무회의의 의결을 거쳐 합격취소 및 입학허가취소를 할수 있다. (신설 2005.7.6)③ 제2항의 합격취소 및 입학허가취소의 사유와 절차에 관한 사항은 총장이 따로 정한다.(신설 2005.7.6.)[제목개정 2015.2.6.]",
"QUESTION16)계절학기에 취득할 수 있는 최대 학점은 몇 점입니까?
(A) 3학점
(B) 6학점
(C) 9학점
(D) 12학점","QUESTION16)계절학기에 취득할 수 있는 최대 학점은 몇 점입니까?
(A) 3학점
(B) 6학점
(C) 9학점
(D) 12학점",B,B,"④ 삭제 (2001.1.6)⑤ 계절학기에는 6학점까지 취득하게 할 수 있다. 다만, 휴학 중인 학생은 계절학기에 등록하여 3학점까지 취득할 수 있다. (개정 2003.10.10)⑥ 대학장은 학기말의 평균성적이 1.50 미만인 학생에 대하여 다음 학기의 수강학점수를

1. 교과과정 운영상 또는 기타 특별한 사유가 있어 총장의 승인을 얻은 경우: 21학점까지취득2. 직전 학기(계절학기를 제외한다)말의 평균성적이 3.75 이상인 경우: 21학점까지 취득3. 제15조제2항에 따라 편입학(이하 ‘학사편입학’이라 한다)한 경우: 21학점까지 취득4. 학·석사 연계과정을 이수하는 경우: 21학점까지 취득5. 의과대학 의학과의 경우: 24학점까지 취득6. 약학대학의 경우: 21학점까지 취득(다만, ‘기독교와 세계’ 교과목을 수강하는 학기를 포

[""QUESTION1 영어 및 정보 등에 관하여 일정한 기준의 능력이나 자격을 취득한 경우 인정 받는 학점은 몇점인가?"" (A) 인정 안됨 (B) 1학점 (C) 2학점 (D) 3학점 (D)]",
"QUESTION17)졸업하기 위해 총평균 성적이 충족해야 하는 최소 기준은?
(A) 1.60
(B) 1.70
(C) 2.00
(D) 2.50","QUESTION17)졸업하기 위해 총평균 성적이 충족해야 하는 최소 기준은?
(A) 1.60
(B) 1.70
(C) 2.00
(D) 2.50",A,B,"[""QUESTION12 성적이 D0인 경우 ________의 성적점을 받는다.""  ""(A) 2.3""  ""(B) 2.2""  ""(C) 2.1""  ""(D) 2.0""  ""(E) 1.3""  ""(F) 1.2""  ""(G) 1.1""  ""(H) 1.0""  ""(I) 0.5""  ""(H)""]

[""QUESTION11 성적이 A0인 경우 ________의 성적점을 받는다.""  ""(A) 4.3""  ""(B) 4.2""  ""(C) 4.1""  ""(D) 4.0""  ""(E) 3.9""  ""(F) 3.8""  ""(G) 3.7""  ""(H) 3.6""  ""(I) 3.5""  ""(J) 3.0""  ""(D)""]

제48조(졸업에 필요한 학점) ① 졸업에 필요한 학점은 129학점으로 한다. (개정 2012.2.",
"QUESTION18)수업의 결석이 출석으로 인정될 수 있는 사유가 아닌 것은?
(A) 중대한 질병
(B) 직계존비속의 사망
(C) 국제 대회 참가
(D) 개인 사정","QUESTION18)수업의 결석이 출석으로 인정될 수 있는 사유가 아닌 것은?
(A) 중대한 질병
(B) 직계존비속의 사망
(C) 국제 대회 참가
(D) 개인 사정",D,D,"과목 담당교수는 출석으로 인정할 수 있다. (신설 2016.6.16., 개정 2017.8.16.)1. 중대한 질병으로 인한 경우2. 직계존비속의 사망으로 인한 경우3. 주관 기관장이 증빙서류를 발행한 국제대회, 훈련, 연수 및 교육실습 등의 참가에 의한경우4. 그 밖에 총장 또는 교과목 담당교수가 필요하다고 인정하여 허가한 경우③ 체육특기자의 대회출전 및 훈련으로 인한 출석대체인정은 1학기 수업시간의 2분의 1이내로 한다. 출석대체인정을 받는 체육특기자의 기준은 총장이 별도로 정한다. (신설2017.8.16.)[제목개정 2016.6.16.]

2. 입학허가를 받은 자가 입학포기한 경우3. 재학중인 자가 자퇴한 경우4. 본인의 질병․사망 또는 천재지변이나 기타 부득이한 사유로 입학을 하지 아니하게 되거나 학업을 계속하지 아니하게 된 경우

② 학생이 다음 각 호의 사유로 결석한 때에 사유발생 2주 이내에 증빙서류를 제출하면 교",
"QUESTION19)조기 졸업을 위한 총 평균 성적 기준은?
(A) 2.50
(B) 3.00
(C) 3.50
(D) 3.75","QUESTION19)조기 졸업을 위한 총 평균 성적 기준은?
(A) 2.50
(B) 3.00
(C) 3.50
(D) 3.75",D,D,"[""QUESTION11 성적이 A0인 경우 ________의 성적점을 받는다.""  ""(A) 4.3""  ""(B) 4.2""  ""(C) 4.1""  ""(D) 4.0""  ""(E) 3.9""  ""(F) 3.8""  ""(G) 3.7""  ""(H) 3.6""  ""(I) 3.5""  ""(J) 3.0""  ""(D)""]

제47조의2 삭제 (1992.3.16)제47조의3(조기졸업제) ① 제23조의 규정에 불구하고 소정의 전 과정을 조기이수한 후 총 평

균성적이 3.75 이상인 학생에 대하여는 총장이 정하는 바에 따라 그 수업연한을 1년의 범위 내에서 단축하여 전기와 후기에 조기졸업하게 할 수 있다. (개정 2014.11.21)② 삭제 (1992.3.16)",
"QUESTION20) 재학 연한 초과로 제적당하지 않는 경우는?
(A) 학사 편입
(B) 복수 전공 중
(C) 재입학 후 1년 이내
(D) 휴학 중","QUESTION20) 재학 연한 초과로 제적당하지 않는 경우는?
(A) 학사 편입
(B) 복수 전공 중
(C) 재입학 후 1년 이내
(D) 휴학 중",D,D,"③ 복수전공을 이수하는 학생, 「고등교육법 시행령」 제29조제2항의제6호 및 제7호에 해당하는 학생의 재학연한은 9년을 초과할 수 없다. (개정 2014.11.21)④ 재입학한 학생의 재학연한은 재입학전 재학기간을 산입하여 제1항부터 제3항까지의 해당 기간을 초과할 수 없다. (개정 2014.11.21., 2017.8.16.)⑤ 제15조의 규정에 의하여 편입학한 학생의 재학연한은 잔여수업연한의 2배를 초과할 수없다. 다만, 이 경우 복수전공을 이수하는 학생은 잔여수업연한의 2배에 1년을 더한 연한을 초과할 수 없다. (개정 2014.11.21)⑥ 휴학기간은 재학연한에 산입하지 아니한다. (개정 2014.11.21)

[""QUESTION20 2019년에 경영학과로 입학하여 통계학과를 복수전공하고 2021년부터 1년간 휴학한 학생은 이화여자대학교에 ________년까지 재학할 수 있다.""  ""(A) 2026""  ""(B) 2027""  ""(C) 2028""  ""(D) 2029""  ""(C)""]

제8장 휴학, 복학, 제적, 자퇴 및 재입학 (개정 2017.8.16.)",
"QUESTION21) 졸업이 취소될 수 있는 상황은?
(A) 논문 미제출
(B) 부정한 방법으로 졸업 인정
(C) 성적 저조
(D) 졸업 요건 충족 못함","QUESTION21) 졸업이 취소될 수 있는 상황은?
(A) 논문 미제출
(B) 부정한 방법으로 졸업 인정
(C) 성적 저조
(D) 졸업 요건 충족 못함",B,B,"제52조(졸업의 취소) 부정한 방법 또는 착오로 인하여 졸업이 인정되었을 때에는 교무회의 심의를 거쳐 이를 취소할 수 있다. (개정 2015.4.21.)

⑦ 졸업논문, 실험실습보고, 실기발표 또는 졸업종합시험 제도의 시행에 관하여 필요한 사항은 대학장이 따로 정한다. (개정 2001.9.24., 2017.8.16.)

② 삭제 (1997.12.23)③ 삭제 (1997.12.23)④ 삭제 (1997.12.23)⑤ 삭제 (1997.12.23)⑥ 제47조의4의 규정에 의한 학․석사 연계과정에 의해 본교 대학원에 입학을 허가받은 학생에게는 제1항의 졸업논문 등을 면제할 수 있다. (개정 2013.2.25.)",
"QUESTION22) 교양과목을 제외한 전공과목의 분류는 무엇입니까?
(A) 필수/선택
(B) 정규/특별
(C) 일반/고급
(D) 학점 기준","QUESTION22) 교양과목을 제외한 전공과목의 분류는 무엇입니까?
(A) 필수/선택
(B) 정규/특별
(C) 일반/고급
(D) 학점 기준",A,A,"제32조(교과목의 분류) 본교의 교과는 교양과목, 전공기초과목 및 전공과목으로 구분한다.

(개정 2011.4.15., 2016.2.16.)제33조(교양과목) 교양과목의 종류와 학점은 총장이 따로 정한다. (개정 1996.2.15)제33조의2 삭제 (2016.2.16.)제34조(전공과목) 전공과목은 필수과목과 선택과목으로 구분하되, 각각 그 종류와 학점은 소

제35조의2(학점취득의 특례) ① 교양과목과 전공기초과목 중 특정교과목은 이를 수강하지 아니하여도 학점취득특별시험에 의하여 학기당 최대취득학점 외에 학점을 취득할 수 있으며,",
"QUESTION23) 다음중 옳게 짝지어진 학위를 고르세요.
(A) 북한 학과 - 이학사
(B) 기업가정신 - 벤처학사
(C) 미술학사 - 한국음악
(D) 문학사 - 소비자학","QUESTION23) 다음중 옳게 짝지어진 학위를 고르세요.
(A) 북한 학과 - 이학사
(B) 기업가정신 - 벤처학사
(C) 미술학사 - 한국음악
(D) 문학사 - 소비자학",C,D,"[""QUESTION13 2014학년도 입학생이 공통과학 연계전공을 부전공하는 경우  ________ 학위를 받는다.""  ""(A) 경제학사""  ""(B) 문학사""  ""(C) 건축학사""  ""(D) 음악학사""  ""(E) 공학사""  ""(F) 이학사""  ""(G) 경영학사""  ""(H) 의학사""  ""(I) 벤처경영학사""  ""(F)""]

대 학학위의 종류학과 또는 전공경 영 대 학 신 산 업 융 합 대 학 의 과 대 학 간 호 대 학 약 학 대 학 스 크 랜 튼 대 학 (연 계 전 공)이 학 사 경 영 학 사 융 합 콘 텐 츠 학 사 의 류 학 사 문 학 사 이 학 사 보 건 학 사 체 육 학 사 의 학 사 간 호 학 사 약 학 사 문 학 사 / 이 학 사 뇌 ‧ 인 지 과 학 사 문 학 사 문 학 사 학 사사 회 교 육 국 어 교 육 과 학 교 육 물 리 교 육 화 학 교 육 생 물 교 육 지 구 과 학 교 육 수 학 교 육 경 영 학 융 합 콘 텐 츠 학 의 류 산 업 학 국 제 사 무 학 식 품 영 양 학 융 합 보 건 학 스 포 츠 과 학 글 로 벌 스 포 츠 산 업 의 학 간 호 학 글 로 벌 건 강 간 호 학 약 학 자 기 설 계 뇌 ‧ 인 지 과 학 국 제 학 글 로 벌 한 국 학 동 아 시 아 학 미 국 학 유 럽 학 미 술 사 학 여 성 학 멀 티 미 디 어 학 전 문 영 어 N G O 북 한 학 한 국 학 인 지 과 학 도 덕 ․ 윤 리 교 육 정 보 보 호 학 과 학 기 술 경 영 재 무 경 제 통 합 사 회 통 합 과 학 아 동 학 바 이 오 인 포 매 틱 스 자 연 과 학 과 철 학 일 본 언 어 문 화 계 산 과 학 융 합 디 자 인 공 공 리 더 십 과 정 의 국 제 개 발 협 력(융 합 전 공)이 문 학 사 이 학 사 문 학 사 경 제 학 사 문 학 사 이 학 사 문 학 사 이 학 사 이 학 사 문 학 사 이 학 사 미 술 학 사 문 학 사 벤 처 경 영 학 사 문 학 사학 기 업 가 정 신 인 문 경 영 인 문 예 술 미 디 어 인 문 테 크 놀 로 지

대학학부학과 또는 전공입학정원인문과학대학인문과학부국어국문학 전공 중어중문학 전공 영어영문학 전공 불어불문학 전공 독어독문학 전공 사학 전공 철학 전공418기독교학 전공20기독교학부계438사회과학대학사회과학부정치외교학 전공 행정학 전공 경제학 전공 문헌정보학 전공 사회학 전공 사회복지학 전공 심리학 전공 소비자학 전공321커뮤니케이션․미디어학부커뮤니케이션․미디어학 전공90계411자연과학대학수리물리과학부수학 전공 통계학 전공 물리학 전공118화학생명분자과학부화학·나노과학 전공 생명과학 전공156계274공과대학건축학부컴퓨터공학과71전자공학과60건축학 전공 건축공학 전공55환경․식품공학부환경공학 전공 식품공학 전공82화학신소재공학부화학신소재공학 전공 계60 328음악대학음악학부건반악기 전공 관현악 전공 전공165성악 작곡 전공 한국음악 전공 무용과41조형예술대학조형예술학부계 동양화 전공206 127디자인학부서양화 전공 조소 전공 도자예술 전공 공간디자인 전공 시각디자인 전공 산업디자인 전공 영상디자인84전공 섬유예술 전공 패션디자인 전공52섬유·패션학부계263[별표 1] (개정 2015.5.8.)",
"QUESTION24) 다음 중 이화여자대학교 학칙에서 학점과 관련해 옳은 것을 고르세요
(A) 교과과정이수 단위는 학기로 한다.
(B) 한 학기동안 10시간 이상 수업을 들으면 1학점을 준다.
(C) 학점취득특별시험의 방법은 총장과 위원회가 함께 정한다.
(D) 제35조는 1999년 2월에 개정되었다.","QUESTION24) 다음 중 이화여자대학교 학칙에서 학점과 관련해 옳은 것을 고르세요
(A) 교과과정이수 단위는 학기로 한다.
(B) 한 학기동안 10시간 이상 수업을 들으면 1학점을 준다.
(C) 학점취득특별시험의 방법은 총장과 위원회가 함께 정한다.
(D) 제35조는 1999년 2월에 개정되었다.",D,D,"속 대학장의 제청에 의하여 총장이 따로 정한다. (개정 1985.3.5)제35조(학점) 교과과정이수의 단위는 학점으로 하되, 1학기간 15시간 이상의 수업을 1학점으로 한다. (개정 1999.2.9)

그 학점수는 12학점을 초과할 수 없다. (개정 1996.2.15., 2017.2.8.)② 학점취득특별시험의 방법, 종류에 관한 세부 사항은 총장이 따로 정한다. (개정2001.9.24)

[""QUESTION16 학사학위의 종류를 확인하려면 이화여자대학교 학칙의 몇 페이지를 봐야 하는가?""  ""(A) 2 - 2 - 10""  ""(B) 2 - 2 - 29""  ""(C) 2 - 2 - 39""  ""(D) 2 - 2 - 40""  ""(E) 2 - 2 - 41""  ""(F) 2 - 2 - 49""  ""(G) 2 - 2 - 50""  ""(H) 2 - 2 - 51""  ""(I) 2 - 2 - 52""  ""(H)""]",
"QUESTION25) 2019학년도 입학 정원에 대한 내용으로 옳은 것을 고르시오.
(A) 휴먼기계바이오공학부 입학 정원과 무용과의 입학 정원의 합은 149명이다.
(B) 건반악기과의 입학정원은 164명이다.
(C) 수학교육과와 국어 교육과의 입학 정원은 각각 37명과 27명이다.
(D) 음악 대학의 학생수는 자연과학대학의 학생수보다 많다.","QUESTION25) 2019학년도 입학 정원에 대한 내용으로 옳은 것을 고르시오.
(A) 휴먼기계바이오공학부 입학 정원과 무용과의 입학 정원의 합은 149명이다.
(B) 건반악기과의 입학정원은 164명이다.
(C) 수학교육과와 국어 교육과의 입학 정원은 각각 37명과 27명이다.
(D) 음악 대학의 학생수는 자연과학대학의 학생수보다 많다.",B,B,"대학학부/학과/전공입학정원인문과학대학국어국문학과 중어중문학과 불어불문학과 독어독문학과 사학과 철학과 기독교학과299영어영문학부91소계390사회과학대학정치외교학과 행정학과 경제학과 문헌정보학과 사회학과 사회복지학과 심리학과 소비자학과290커뮤니케이션 ·미디어학부79소계369자연과학대학수학과 통계학과 물리학과118화학생명분자과학부 화학·나노과학전공 생명과학전공149소계267엘텍공과대학휴먼기계바이오공학부110 105소프트웨어학부 컴퓨터공학전공 사이버보안전공 차세대기술공학부 전자전기공학전공 화학신소재공학전공 식품공학전공155미래사회공학부 기후·에너지시스템공학전공 환경 공학전공 건축도시시스템공학전공 건축학전공144소계514음악대학건반악기과 관현악과 성악과 작곡과 한국음악과164무용과38소계202조형예술대학조형예술학부 동양화전공 서양화전공 조소전공 도자예술전공113디자인학부80섬유·패션학부 섬유예술전공 패션디자인전공47소계240[별표 1] (개정 2016.2.26., 2016.5.19., 2017.5.4., 2017.5.15.)

대학학부/학과/전공입학정원인문과학대학국어국문학과 중어중문학과 불어불문학과 독어독문학과 사학과 철학과 기독교학과299영어영문학부91소계390사회과학대학정치외교학과 행정학과 경제학과 문헌정보학과 사회학과 사회복지학과 심리학과 소비자학과290커뮤니케이션 ·미디어학부79소계369자연과학대학수학과 통계학과 물리학과118화학생명분자과학부 화학·나노과학전공 생명과학전공149소계267엘텍공과대학휴먼기계바이오공학부110 105소프트웨어학부 컴퓨터공학전공 사이버보안전공 차세대기술공학부 전자전기공학전공 화학신소재공학전공 식품공학전공155미래사회공학부 기후·에너지시스템공학전공 환경 공학전공 건축도시시스템공학전공 건축학전공144소계514음악대학건반악기과 관현악과 성악과 작곡과 한국음악과164무용과38소계202조형예술대학조형예술학부 동양화전공 서양화전공 조소전공 도자예술전공113디자인학부80섬유·패션학부 섬유예술전공 패션디자인전공47소계240[별표 1] (개정 2017.5.4., 2017.5.15.)

대학학부/학과/전공입학정원인문과학대학국어국문학과 중어중문학과 불어불문학과 독어독문학과 사학과 철학과 기독교학과299영어영문학부91소계390사회과학대학정치외교학과 행정학과 경제학과 문헌정보학과 사회학과 사회복지학과 심리학과 소비자학과290커뮤니케이션 ·미디어학부79소계369자연과학대학수학과 통계학과 물리학과118화학생명분자과학부 화학·나노과학전공 생명과학전공149소계267엘텍공과대학휴먼기계바이오공학부110 105소프트웨어학부 컴퓨터공학전공 사이버보안전공 차세대기술공학부 전자전기공학전공 화학신소재공학전공 식품공학전공155미래사회공학부 기후·에너지시스템공학전공 환경 공학전공 건축도시시스템공학전공 건축학전공144소계514음악대학건반악기과 관현악과 성악과 작곡과 한국음악과164무용과38소계202조형예술대학조형예술학부 동양화전공 서양화전공 조소전공 도자예술전공113디자인학부80섬유·패션학부 섬유예술전공 패션디자인전공47소계240[별표 1] (개정 2015.5.8., 2016.2.16., 2016.5.19.)",
"QUESTION26) QUESTION 6) A psychologist is asked to see a 10-year-old child for counseling in a school setting. Which of the following statements describes the best way for the psychologist to meet the prescribed ethical responsibility
(A) ""The parent(s) provide(s) written consent and the psychologist obtains the child's assent non-verbally""
(B) ""Both the parent(s) and the child provide written consent to therapy for the child""
(C) ""The child provides written and verbal consent to therapy""
(D) ""The parent(s) provide(s) written consent and the child assents verbally to participate in therapy""
(E) ""The psychologist obtains written consent from both the school administration and the parent(s)""
(F) ""The school administration provides written consent and the child assents verbally to participate in therapy""
(G) ""The parent(s) provide(s) written and verbal consent to therapy for the child""
(H) ""The parent(s) provide(s) verbal consent and the child provides written consent to participate in therapy""
(I) ""The child provides verbal assent to participate in therapy""
(J) ""The psychologist obtains verbal consent from the school administration"" ]","QUESTION26) QUESTION 6) A psychologist is asked to see a 10-year-old child for counseling in a school setting. Which of the following statements describes the best way for the psychologist to meet the prescribed ethical responsibility
(A) ""The parent(s) provide(s) written consent and the psychologist obtains the child's assent non-verbally""
(B) ""Both the parent(s) and the child provide written consent to therapy for the child""
(C) ""The child provides written and verbal consent to therapy""
(D) ""The parent(s) provide(s) written consent and the child assents verbally to participate in therapy""
(E) ""The psychologist obtains written consent from both the school administration and the parent(s)""
(F) ""The school administration provides written consent and the child assents verbally to participate in therapy""
(G) ""The parent(s) provide(s) written and verbal consent to therapy for the child""
(H) ""The parent(s) provide(s) verbal consent and the child provides written consent to participate in therapy""
(I) ""The child provides verbal assent to participate in therapy""
(J) ""The psychologist obtains verbal consent from the school administration"" ]",D,D,"[""심리학 윤리 규정""  ""부모 동의 및 아동 언어적 동의 필요""  ""부모는 서면 동의를 제공하고  아동은 언어적으로 참여 의사를 표시해야 합니다.""]

[""윤리적 심리 치료""  ""정치적 견해의 차이는 치료 과정에서만 논의""  ""심리학자는 환자와의 정치적 차이를 치료에 필요한 경우에만 다뤄야 합니다.""]

[""QUESTION9 The ________ School of jurisprudence postulates that the law is based on what is “correct.”""  ""(A) Legal Pragmatism""  ""(B) Legal Formalism""  ""(C) Comparative""  ""(D) Analytical""  ""(E) Sociological""  ""(F) Historical""  ""(G) Critical Legal Studies""  ""(H) Realist""  ""(I) Positivist""  ""(J) Natural Law""  ""(J)""]",
"QUESTION27) A man is at home in his apartment, alone, late at night. Someone repeatedly buzzes his apartment ringer outside the building, but he doesn't answer it because he is very tired and wants to sleep. Later he hears the door to his apartment being kicked in and he is immediately accosted by a man with a gun, who waves the gun at him and says, ""You are getting me your cash or else."" The man opens his safe and turns over the money. The perpetrator absconds with the money but is picked up by the police a few minutes later. What common law crimes has the perpetrator probably committed?
(A) ""Robbery and burglary.""
(B) ""Robbery, burglary and attempted murder."" 
(C) ""Burglary, robbery, and trespassing.""
(D) ""Aggravated assault and robbery.""
(E) ""Attempted murder and trespassing.""
(F) ""Burglary and attempted murder.""
(G) ""Robbery and attempted murder.""
(H) ""Robbery and assault.""
(I) ""Trespassing and armed robbery.""","QUESTION27) A man is at home in his apartment, alone, late at night. Someone repeatedly buzzes his apartment ringer outside the building, but he doesn't answer it because he is very tired and wants to sleep. Later he hears the door to his apartment being kicked in and he is immediately accosted by a man with a gun, who waves the gun at him and says, ""You are getting me your cash or else."" The man opens his safe and turns over the money. The perpetrator absconds with the money but is picked up by the police a few minutes later. What common law crimes has the perpetrator probably committed?
(A) ""Robbery and burglary.""
(B) ""Robbery, burglary and attempted murder."" 
(C) ""Burglary, robbery, and trespassing.""
(D) ""Aggravated assault and robbery.""
(E) ""Attempted murder and trespassing.""
(F) ""Burglary and attempted murder.""
(G) ""Robbery and attempted murder.""
(H) ""Robbery and assault.""
(I) ""Trespassing and armed robbery.""",G,A,No relevant context found.,N/A
"QUESTION28) What do Homo sapiens and Australopithecus afarensis have in common?
(A) ""a shared ability to use complex tools""
(B) ""a similar diet""
(C) ""a reliance on brachiation""
(D) ""an identical social structure""
(E) ""a mode of locomotion""
(F) ""the same lifespan""
(G) ""the same geographical distribution""
(H) ""a lack of sexual dimorphism""
(I) ""the same language capability""
(J) ""all the above""","QUESTION28) What do Homo sapiens and Australopithecus afarensis have in common?
(A) ""a shared ability to use complex tools""
(B) ""a similar diet""
(C) ""a reliance on brachiation""
(D) ""an identical social structure""
(E) ""a mode of locomotion""
(F) ""the same lifespan""
(G) ""the same geographical distribution""
(H) ""a lack of sexual dimorphism""
(I) ""the same language capability""
(J) ""all the above""",E,E,"[""인류 진화""  ""직립보행과 관련""  ""Homo sapiens와 Australopithecus afarensis는 직립보행을 공통적으로 가지고 있습니다.""]

[""Homo erectus 특징""  ""뇌 크기 증가""  ""Homo erectus는 Homo habilis에 비해 더 큰 뇌를 가졌습니다.""]

[""인류 진화""  ""뇌 크기와 연결된 변화""  ""뇌 크기의 증가와 관련된 Homo erectus의 주요 변화는 '신생화(Encephalization)'입니다.""]",
"QUESTION29)This question refers to the following information.
 I walk alongside the column, ask what's going on.
 A soldier says simply: ""They call up more every day.
 ""Some of us were sent north to the Yellow River at age fifteen,
 And now at forty we're heading off to the garrisons in the west.
 On our first tour, the village headman had to tie our bandannas for us.
 When we came back, our hair was white, but still there's more unrest.
 The frontier garrisons run with blood, enough to fill an ocean,
 But the Martial Emperor's territorial ambitions have yet to crest.
 In the hundred districts east of the mountains, throughout the land of Han,
 There must be ten thousand villages that brambles now infest.
 Even if wives are strong enough to handle a hoe and plow,
 The crops grow every which way, the fields are all a mess.
 It's hardest for the Shanxi men, with their reputations as fighters:
 They're rounded up like dogs or chickens, every male impressed.
 ""But sir, though it's good of you to ask,
 Complaining isn't part of the soldier's task.
 We can only shake our heads. Take this winter:
 The Shanxi troops were never sent home.
 The District Officers are demanding the land tax,
 But where will it come from? You can't get blood from a stone!
 I honestly think it's bad luck to bear a son now,
 It's better to have a daughter: at least she can marry
 And live with the neighbors next door.
 But a son will end up lying on some distant prairie.""
 Du Fu, ""Ballad of the Army Carts,"" ca. 750 C.E.
 Based on the poem and your knowledge of history, Tang relations with western nomadic peoples and frontier peoples relied on which of the following?
 (A) The establishment of a network of spies and informants among the nomadic tribes
 (B) Adroit diplomacy and establishment of client relationships with bordering nomads
 (C) The payment of tribute to nomadic rulers
 (D) The forced relocation of frontier peoples to central China
 (E) The use of economic incentives to secure the loyalty of nomadic rulers
 (F) The negotiation of peace treaties with nomadic rulers
 (G) The dissemination of Chinese culture and traditions among frontier peoples
 (H) The permanent settlement of Han Chinese in frontier zones
 (I) The ability of the Tang emperor to project military power on the frontier in order to impose his will","QUESTION29)This question refers to the following information.
 I walk alongside the column, ask what's going on.
 A soldier says simply: ""They call up more every day.
 ""Some of us were sent north to the Yellow River at age fifteen,
 And now at forty we're heading off to the garrisons in the west.
 On our first tour, the village headman had to tie our bandannas for us.
 When we came back, our hair was white, but still there's more unrest.
 The frontier garrisons run with blood, enough to fill an ocean,
 But the Martial Emperor's territorial ambitions have yet to crest.
 In the hundred districts east of the mountains, throughout the land of Han,
 There must be ten thousand villages that brambles now infest.
 Even if wives are strong enough to handle a hoe and plow,
 The crops grow every which way, the fields are all a mess.
 It's hardest for the Shanxi men, with their reputations as fighters:
 They're rounded up like dogs or chickens, every male impressed.
 ""But sir, though it's good of you to ask,
 Complaining isn't part of the soldier's task.
 We can only shake our heads. Take this winter:
 The Shanxi troops were never sent home.
 The District Officers are demanding the land tax,
 But where will it come from? You can't get blood from a stone!
 I honestly think it's bad luck to bear a son now,
 It's better to have a daughter: at least she can marry
 And live with the neighbors next door.
 But a son will end up lying on some distant prairie.""
 Du Fu, ""Ballad of the Army Carts,"" ca. 750 C.E.
 Based on the poem and your knowledge of history, Tang relations with western nomadic peoples and frontier peoples relied on which of the following?
 (A) The establishment of a network of spies and informants among the nomadic tribes
 (B) Adroit diplomacy and establishment of client relationships with bordering nomads
 (C) The payment of tribute to nomadic rulers
 (D) The forced relocation of frontier peoples to central China
 (E) The use of economic incentives to secure the loyalty of nomadic rulers
 (F) The negotiation of peace treaties with nomadic rulers
 (G) The dissemination of Chinese culture and traditions among frontier peoples
 (H) The permanent settlement of Han Chinese in frontier zones
 (I) The ability of the Tang emperor to project military power on the frontier in order to impose his will",I,I,No relevant context found.,N/A
"QUESTION30)Homo erectus differed from Homo habilis in which way?
 (A) Erectus was not bipedal.
 (B) Erectus was not capable of using tools.
 (C) Erectus was primarily herbivorous.
 (D) Erectus fossils are found only in Africa.
 (E) Erectus possessed a larger brain.
 (F) Erectus was a relatively short-lived species.
 (G) Erectus had smaller body size.
 (H) Erectus fossils are found only in Europe.
 (I) Erectus possessed a smaller brain.
 (J) Erectus had shorter lifespan.","QUESTION30)Homo erectus differed from Homo habilis in which way?
 (A) Erectus was not bipedal.
 (B) Erectus was not capable of using tools.
 (C) Erectus was primarily herbivorous.
 (D) Erectus fossils are found only in Africa.
 (E) Erectus possessed a larger brain.
 (F) Erectus was a relatively short-lived species.
 (G) Erectus had smaller body size.
 (H) Erectus fossils are found only in Europe.
 (I) Erectus possessed a smaller brain.
 (J) Erectus had shorter lifespan.",E,E,"[""Homo erectus 특징""  ""뇌 크기 증가""  ""Homo erectus는 Homo habilis에 비해 더 큰 뇌를 가졌습니다.""]

[""인류 진화""  ""뇌 크기와 연결된 변화""  ""뇌 크기의 증가와 관련된 Homo erectus의 주요 변화는 '신생화(Encephalization)'입니다.""]

[""인류 진화""  ""직립보행과 관련""  ""Homo sapiens와 Australopithecus afarensis는 직립보행을 공통적으로 가지고 있습니다.""]",
"QUESTION31)During the manic phase of a bipolar disorder, individuals are most likely to experience
 (A) extreme fatigue
 (B) high self-esteem
 (C) memory loss
 (D) intense fear and anxiety
 (E) uncontrollable grief and despair
 (F) visual hallucinations
 (G) delusions of persecution","QUESTION31)During the manic phase of a bipolar disorder, individuals are most likely to experience
 (A) extreme fatigue
 (B) high self-esteem
 (C) memory loss
 (D) intense fear and anxiety
 (E) uncontrollable grief and despair
 (F) visual hallucinations
 (G) delusions of persecution",B,B,No relevant context found.,N/A
"QUESTION32) This question refers to the following information: For the catastrophe of 1914 the Germans are responsible. … Germany, in this matter, was unfortunate enough to allow herself (in spite of her skill at dissimulation) to be betrayed into an excess of candour by her characteristic tendency to go to extremes. Deutschland über alles. Germany above everything! … There you have the ultimate framework of an old but childish race. Georges Clemenceau, Grandeur and Misery of Victory, 1930. From the passage, one may infer that Clemenceau believed: (A) that Germany's skill at dissimulation was responsible for its victory in the war (B) that the reason Germany lost the war was that it was betrayed from within (C) that the lyrics from the popular song Deutschland über alles (which eventually became the German national anthem) were evidence of Germany's aggressive attitude (D) that Germany's misfortune in the war was due to its lack of skill in dissimulation (E) that the lyrics from the popular song Deutschland über alles (which eventually became the German national anthem) were the reason Germany started the war (F) that Germany provided the ultimate framework for modern warfare (G) that Germany's excessive candour led to its downfall in the war","QUESTION32) This question refers to the following information: For the catastrophe of 1914 the Germans are responsible. … Germany, in this matter, was unfortunate enough to allow herself (in spite of her skill at dissimulation) to be betrayed into an excess of candour by her characteristic tendency to go to extremes. Deutschland über alles. Germany above everything! … There you have the ultimate framework of an old but childish race. Georges Clemenceau, Grandeur and Misery of Victory, 1930. From the passage, one may infer that Clemenceau believed: (A) that Germany's skill at dissimulation was responsible for its victory in the war (B) that the reason Germany lost the war was that it was betrayed from within (C) that the lyrics from the popular song Deutschland über alles (which eventually became the German national anthem) were evidence of Germany's aggressive attitude (D) that Germany's misfortune in the war was due to its lack of skill in dissimulation (E) that the lyrics from the popular song Deutschland über alles (which eventually became the German national anthem) were the reason Germany started the war (F) that Germany provided the ultimate framework for modern warfare (G) that Germany's excessive candour led to its downfall in the war",C,C,No relevant context found.,N/A
"QUESTION33) You receive a phone call from Hermann H., age 28, who says he is “totally miserable” because of the recent breakup with his girlfriend and that he would like to begin therapy with you. During the first session with Hermann, you find out that his political views are completely repugnant to you, and you feel that you would not enjoy working with him. As an ethical psychologist, you should:
(A) Discuss your discomfort with Hermann's political views in the first session.
(B) Ignore your personal feelings and continue therapy without discussing the difference in political views.
(C) discuss the difference in political views with Hermann only if they become relevant to the psychotherapy process.
(D) Suggest Hermann to find a psychologist who shares his political views.
(E) Decline Hermann's request for therapy because of the difference in political views.
(F) see Hermann in therapy until his current crisis is over and then make a referral if necessary.
(G) Tell Hermann outright that his political views are repugnant and continue the therapy.
(H) Offer to treat Hermann only if he changes his political views.
(I) provide Hermann with appropriate referrals.","QUESTION33) You receive a phone call from Hermann H., age 28, who says he is “totally miserable” because of the recent breakup with his girlfriend and that he would like to begin therapy with you. During the first session with Hermann, you find out that his political views are completely repugnant to you, and you feel that you would not enjoy working with him. As an ethical psychologist, you should:
(A) Discuss your discomfort with Hermann's political views in the first session.
(B) Ignore your personal feelings and continue therapy without discussing the difference in political views.
(C) discuss the difference in political views with Hermann only if they become relevant to the psychotherapy process.
(D) Suggest Hermann to find a psychologist who shares his political views.
(E) Decline Hermann's request for therapy because of the difference in political views.
(F) see Hermann in therapy until his current crisis is over and then make a referral if necessary.
(G) Tell Hermann outright that his political views are repugnant and continue the therapy.
(H) Offer to treat Hermann only if he changes his political views.
(I) provide Hermann with appropriate referrals.",C,I,"[""윤리적 심리 치료""  ""정치적 견해의 차이는 치료 과정에서만 논의""  ""심리학자는 환자와의 정치적 차이를 치료에 필요한 경우에만 다뤄야 합니다.""]

[""QUESTION12 성적이 D0인 경우 ________의 성적점을 받는다.""  ""(A) 2.3""  ""(B) 2.2""  ""(C) 2.1""  ""(D) 2.0""  ""(E) 1.3""  ""(F) 1.2""  ""(G) 1.1""  ""(H) 1.0""  ""(I) 0.5""  ""(H)""]

[""QUESTION11 성적이 A0인 경우 ________의 성적점을 받는다.""  ""(A) 4.3""  ""(B) 4.2""  ""(C) 4.1""  ""(D) 4.0""  ""(E) 3.9""  ""(F) 3.8""  ""(G) 3.7""  ""(H) 3.6""  ""(I) 3.5""  ""(J) 3.0""  ""(D)""]",
"QUESTION34) During the second stage of Kohlberg’s preconventional level of moral development, children obey rules because:
(A) they are taught that rules are unbreakable.
(B) they enjoy following the rules.
(C) they are rewarded for following rules.
(D) they feel they have a personal duty to uphold rules and laws.
(E) doing so helps them satisfy their personal needs.
(F) they understand the concept of fairness and justice.
(G) doing so helps them avoid punishment.
(H) '''everyone else is doing it.'''
(I) they believe in the inherent goodness of rules.
(J) they fear societal disapproval.","QUESTION34) During the second stage of Kohlberg’s preconventional level of moral development, children obey rules because:
(A) they are taught that rules are unbreakable.
(B) they enjoy following the rules.
(C) they are rewarded for following rules.
(D) they feel they have a personal duty to uphold rules and laws.
(E) doing so helps them satisfy their personal needs.
(F) they understand the concept of fairness and justice.
(G) doing so helps them avoid punishment.
(H) '''everyone else is doing it.'''
(I) they believe in the inherent goodness of rules.
(J) they fear societal disapproval.",G,E,"[""콜버그 도덕 발달 이론""  ""개인적 욕구 충족""  ""콜버그의 전인습적 도덕 발달 단계에서는 개인적 욕구 충족이 규칙 준수의 동기가 됩니다.""]

[""QUESTION8 Functions of the law include all but which of the following?""  ""(A) defining the limits of government power""  ""(B) regulating the use of public spaces""  ""(C) keeping the peace""  ""(D) maximizing individual freedom""  ""(E) maintaining order and stability""  ""(F) preventing environmental degradation""  ""(G) providing a basis for compromise""  ""(H) promoting social justice""  ""(I) promoting the principles of the free enterprise system""  ""(J) encouraging economic growth""  ""(I)""]

[""QUESTION9 The ________ School of jurisprudence postulates that the law is based on what is “correct.”""  ""(A) Legal Pragmatism""  ""(B) Legal Formalism""  ""(C) Comparative""  ""(D) Analytical""  ""(E) Sociological""  ""(F) Historical""  ""(G) Critical Legal Studies""  ""(H) Realist""  ""(I) Positivist""  ""(J) Natural Law""  ""(J)""]",
"QUESTION35)  In satisfying Kant's Humanity formulation of the categorical imperative, we are obligated to adopt two very general goals: the goal of promoting the (morally permissible) ends of others and the goal of
(A) increasing social status.
(B) self-perfection.
(C) achieving inner peace.
(D) achieving personal goals.
(E) promoting social harmony.
(F) self-sacrifice.
(G) maximizing personal benefits.
(H) producing happiness.
(I) attaining moral superiority.","QUESTION35)  In satisfying Kant's Humanity formulation of the categorical imperative, we are obligated to adopt two very general goals: the goal of promoting the (morally permissible) ends of others and the goal of
(A) increasing social status.
(B) self-perfection.
(C) achieving inner peace.
(D) achieving personal goals.
(E) promoting social harmony.
(F) self-sacrifice.
(G) maximizing personal benefits.
(H) producing happiness.
(I) attaining moral superiority.",B,B,"[""칸트의 인류성 공식""  ""자기 완성""  ""칸트는 타인의 도덕적 목표를 지원하는 것과 자기 완성을 도덕적 의무로 제시합니다.""]

[""QUESTION8 Functions of the law include all but which of the following?""  ""(A) defining the limits of government power""  ""(B) regulating the use of public spaces""  ""(C) keeping the peace""  ""(D) maximizing individual freedom""  ""(E) maintaining order and stability""  ""(F) preventing environmental degradation""  ""(G) providing a basis for compromise""  ""(H) promoting social justice""  ""(I) promoting the principles of the free enterprise system""  ""(J) encouraging economic growth""  ""(I)""]

[""QUESTION6 In Singer’s understanding  the principle of the equality of human beings is""  ""(A) a description of an alleged actual equality among humans.""  ""(B) a description of an alleged equality among all living beings.""  ""(C) a prescription of how we should treat nonhuman animals.""  ""(D) a description of an alleged inequality among all living beings.""  ""(E) a prescription of how we should treat humans.""  ""(F) a description of an alleged actual inequality among humans.""  ""(G) a description of an alleged actual superiority of humans over nonhuman animals.""  ""(H) a prescription of how we should treat both human and nonhuman animals equally.""  ""(I) a prescription of how we should treat nonhuman animals differently.""  ""(J) a prescription of how we should treat the environment.""  ""(E)""]",
"QUESTION36) Aristotle says  that what makes things be what they are--their essence--does not exist apart from individ-uals that exist in the world.  So if all the members of a species were destroyed, then their essence or form:
(A) would remain preserved in the memories of the remaining species.
(B) would not be destroyed because there was no essence or form originally to be destroyed; there are only individuals, not universal essences or natures of things.
(C) would evolve into a different form or essence.
(D) would be destroyed only if the species was eliminated by unnatural causes.
(E) would be absorbed by another species.
(F) would transform into the essence of another existing species.
(G) would be destroyed only if there were no one around to remember the species.
(H) would exist as long as there are traces or remnants of the species left in the world.
(I) would continue existing (as with Plato's Forms) in some other realm of being.
(J) would likewise be destroyed.","QUESTION36) Aristotle says  that what makes things be what they are--their essence--does not exist apart from individ-uals that exist in the world.  So if all the members of a species were destroyed, then their essence or form:
(A) would remain preserved in the memories of the remaining species.
(B) would not be destroyed because there was no essence or form originally to be destroyed; there are only individuals, not universal essences or natures of things.
(C) would evolve into a different form or essence.
(D) would be destroyed only if the species was eliminated by unnatural causes.
(E) would be absorbed by another species.
(F) would transform into the essence of another existing species.
(G) would be destroyed only if there were no one around to remember the species.
(H) would exist as long as there are traces or remnants of the species left in the world.
(I) would continue existing (as with Plato's Forms) in some other realm of being.
(J) would likewise be destroyed.",J,J,"[""아리스토텔레스의 본질""  ""종이 멸종하면 본질도 소멸""  ""아리스토텔레스는 모든 종이 멸종하면 그 본질 또한 소멸한다고 주장했습니다.""]

[""QUESTION6 In Singer’s understanding  the principle of the equality of human beings is""  ""(A) a description of an alleged actual equality among humans.""  ""(B) a description of an alleged equality among all living beings.""  ""(C) a prescription of how we should treat nonhuman animals.""  ""(D) a description of an alleged inequality among all living beings.""  ""(E) a prescription of how we should treat humans.""  ""(F) a description of an alleged actual inequality among humans.""  ""(G) a description of an alleged actual superiority of humans over nonhuman animals.""  ""(H) a prescription of how we should treat both human and nonhuman animals equally.""  ""(I) a prescription of how we should treat nonhuman animals differently.""  ""(J) a prescription of how we should treat the environment.""  ""(E)""]

[""QUESTION9 The ________ School of jurisprudence postulates that the law is based on what is “correct.”""  ""(A) Legal Pragmatism""  ""(B) Legal Formalism""  ""(C) Comparative""  ""(D) Analytical""  ""(E) Sociological""  ""(F) Historical""  ""(G) Critical Legal Studies""  ""(H) Realist""  ""(I) Positivist""  ""(J) Natural Law""  ""(J)""]",
"QUESTION37) The ________ School of jurisprudence believes that the law is an aggregate of social traditions and customs that have developed over the centuries.
(A) Command
(B) Sociological
(C) Historical
(D) Interpretive
(E) Analytical
(F) Natural
(G) Functional
(H) Positivist
(I) Realist
(J) Pragmatic","QUESTION37) The ________ School of jurisprudence believes that the law is an aggregate of social traditions and customs that have developed over the centuries.
(A) Command
(B) Sociological
(C) Historical
(D) Interpretive
(E) Analytical
(F) Natural
(G) Functional
(H) Positivist
(I) Realist
(J) Pragmatic",C,C,"[""QUESTION9 The ________ School of jurisprudence postulates that the law is based on what is “correct.”""  ""(A) Legal Pragmatism""  ""(B) Legal Formalism""  ""(C) Comparative""  ""(D) Analytical""  ""(E) Sociological""  ""(F) Historical""  ""(G) Critical Legal Studies""  ""(H) Realist""  ""(I) Positivist""  ""(J) Natural Law""  ""(J)""]

[""법학의 역사학파""  ""사회적 전통과 관습의 집합체로 간주""  ""역사학파는 법을 사회적 전통과 관습의 집합체로 봅니다.""]

[""QUESTION8 Functions of the law include all but which of the following?""  ""(A) defining the limits of government power""  ""(B) regulating the use of public spaces""  ""(C) keeping the peace""  ""(D) maximizing individual freedom""  ""(E) maintaining order and stability""  ""(F) preventing environmental degradation""  ""(G) providing a basis for compromise""  ""(H) promoting social justice""  ""(I) promoting the principles of the free enterprise system""  ""(J) encouraging economic growth""  ""(I)""]",
"QUESTION38) A woman was standing in the aisle of a subway car and put her purse on the seat next to her. A man approached the woman from behind and grabbed the purse off the seat. He then pushed the woman out of the way and ran out of the subway car while carrying the purse. The man was apprehended on the subway platform while in possession of the purse. In a jurisdiction that follows the common law with respect to criminal offenses, of what crime can the man properly be convicted?

(A) Fraud, because he took the purse without the woman's consent.
(B) Larceny, because he took the purse without the woman's permission.
(C) Burglary, because he entered the subway car with the intention of committing a theft.
(D) Robbery, because he used force in leaving with the purse.
(E) Robbery, because he used force to take possession of the purse.
(F) Robbery, because he used force to remove the woman from the purse's vicinity.
(G) Larceny, because force was not used until after he took the purse.
(H) Assault, because he pushed the woman out of the way.
(I) Larceny, because he made no threat to use force.
(J) Robbery, because he physically took the purse from the woman's presence.","QUESTION38) A woman was standing in the aisle of a subway car and put her purse on the seat next to her. A man approached the woman from behind and grabbed the purse off the seat. He then pushed the woman out of the way and ran out of the subway car while carrying the purse. The man was apprehended on the subway platform while in possession of the purse. In a jurisdiction that follows the common law with respect to criminal offenses, of what crime can the man properly be convicted?

(A) Fraud, because he took the purse without the woman's consent.
(B) Larceny, because he took the purse without the woman's permission.
(C) Burglary, because he entered the subway car with the intention of committing a theft.
(D) Robbery, because he used force in leaving with the purse.
(E) Robbery, because he used force to take possession of the purse.
(F) Robbery, because he used force to remove the woman from the purse's vicinity.
(G) Larceny, because force was not used until after he took the purse.
(H) Assault, because he pushed the woman out of the way.
(I) Larceny, because he made no threat to use force.
(J) Robbery, because he physically took the purse from the woman's presence.",E,D,No relevant context found.,N/A
"QUESTION39) A defendant met her friend at the electronics store where the friend worked. Unbeknownst to the defendant, her friend had taken a music player from the display case and stuffed it in her bag earlier in the day. Knowing that employees are subject to search when they leave the store, the friend surreptitiously put the music player into the defendant's bag. The defendant and her friend proceeded to a local tavern and drank shots of tequila. The friend became intoxicated and forgot to retrieve the stolen music player from the defendant's bag. After leaving the tavern, the defendant proceeded home. Upon opening her bag, she was surprised to see the music player. Believing that the music player had accidentally fallen into her bag at the bar, the defendant planned to return it the next day. The following day, however, the defendant changed her mind and decided to keep it. The defendant is guilty of:

(A) larceny.
(B) possession of stolen property.
(C) burglary.
(D) receiving stolen property.
(E) theft.
(F) robbery.
(G) neither receiving stolen property nor larceny.
(H) receiving stolen property and larceny.
(I) conspiracy to commit theft.
(J) aiding and abetting theft.","QUESTION39) A defendant met her friend at the electronics store where the friend worked. Unbeknownst to the defendant, her friend had taken a music player from the display case and stuffed it in her bag earlier in the day. Knowing that employees are subject to search when they leave the store, the friend surreptitiously put the music player into the defendant's bag. The defendant and her friend proceeded to a local tavern and drank shots of tequila. The friend became intoxicated and forgot to retrieve the stolen music player from the defendant's bag. After leaving the tavern, the defendant proceeded home. Upon opening her bag, she was surprised to see the music player. Believing that the music player had accidentally fallen into her bag at the bar, the defendant planned to return it the next day. The following day, however, the defendant changed her mind and decided to keep it. The defendant is guilty of:

(A) larceny.
(B) possession of stolen property.
(C) burglary.
(D) receiving stolen property.
(E) theft.
(F) robbery.
(G) neither receiving stolen property nor larceny.
(H) receiving stolen property and larceny.
(I) conspiracy to commit theft.
(J) aiding and abetting theft.",D,G,No relevant context found.,N/A
"QUESTION40)____________ refers to a strategic process involving stakeholder assessment to create long-term relationships with customers, while maintaining, supporting, and enhancing the natural environment.
(A) Greenwashing(B) Eco-branding(C) Recycle and reprocess management(D) Sustainable Development(E) Environmental Stewardship(F) Superfund reauthorization(G) Eco-strategy(H) Environmental Impact Assessment(I) Green Marketing(J) Eco-efficient Operations","QUESTION40)____________ refers to a strategic process involving stakeholder assessment to create long-term relationships with customers, while maintaining, supporting, and enhancing the natural environment.
(A) Greenwashing(B) Eco-branding(C) Recycle and reprocess management(D) Sustainable Development(E) Environmental Stewardship(F) Superfund reauthorization(G) Eco-strategy(H) Environmental Impact Assessment(I) Green Marketing(J) Eco-efficient Operations",D,I,"[""지속 가능한 개발""  ""환경과 조화""  ""지속 가능한 개발은 고객 관계를 유지하면서 환경을 보존하는 전략입니다.""]

[""QUESTION8 Functions of the law include all but which of the following?""  ""(A) defining the limits of government power""  ""(B) regulating the use of public spaces""  ""(C) keeping the peace""  ""(D) maximizing individual freedom""  ""(E) maintaining order and stability""  ""(F) preventing environmental degradation""  ""(G) providing a basis for compromise""  ""(H) promoting social justice""  ""(I) promoting the principles of the free enterprise system""  ""(J) encouraging economic growth""  ""(I)""]

[""QUESTION9 The ________ School of jurisprudence postulates that the law is based on what is “correct.”""  ""(A) Legal Pragmatism""  ""(B) Legal Formalism""  ""(C) Comparative""  ""(D) Analytical""  ""(E) Sociological""  ""(F) Historical""  ""(G) Critical Legal Studies""  ""(H) Realist""  ""(I) Positivist""  ""(J) Natural Law""  ""(J)""]",
"QUESTION41)This question refers to the following information. Seizing me, he led me down to the House of Darkness… To the house where those who enter do not come out, Along the road of no return, To the house where those who dwell, do without light, Where dirt is their drink, their food is of clay… Where light cannot be seen. They dwell in the dark, And upon the door and bolt, there lies dust. from Tablet VII, The Epic of Gilgamesh, Sumeria, ca. 2100 B.C.E.

Truth is good and its worth is lasting. It has not been disturbed since the day of its creator, Whereas he who transgresses its ordinances is punished. It lies as a path in front of even him who knows nothing. Wrongdoing has never yet brought its venture to port… Those whom the gods guide cannot lose themselves. Those to whom they forbid passage will not be able to cross the river of life. from The Maxims of Ptahhotep, Egypt, ca. 2400 B.C.E.

The above texts are best understood in the context of which of the following?

(A) ""The use of religion to enforce legal norms""
(B) ""The use of religion to dictate artistic expressions""
(C) ""The use of religion to justify gender relations""
(D) ""The use of religion to structure economic transactions""
(E) ""The use of religion to ponder conceptions of the afterlife""
(F) ""The use of religion to explain social hierarchy""
(G) ""The use of religion to legitimize political power""
(H) ""The use of religion to establish educational systems""
(I) ""The use of religion to justify military conquests""","QUESTION41)This question refers to the following information. Seizing me, he led me down to the House of Darkness… To the house where those who enter do not come out, Along the road of no return, To the house where those who dwell, do without light, Where dirt is their drink, their food is of clay… Where light cannot be seen. They dwell in the dark, And upon the door and bolt, there lies dust. from Tablet VII, The Epic of Gilgamesh, Sumeria, ca. 2100 B.C.E.

Truth is good and its worth is lasting. It has not been disturbed since the day of its creator, Whereas he who transgresses its ordinances is punished. It lies as a path in front of even him who knows nothing. Wrongdoing has never yet brought its venture to port… Those whom the gods guide cannot lose themselves. Those to whom they forbid passage will not be able to cross the river of life. from The Maxims of Ptahhotep, Egypt, ca. 2400 B.C.E.

The above texts are best understood in the context of which of the following?

(A) ""The use of religion to enforce legal norms""
(B) ""The use of religion to dictate artistic expressions""
(C) ""The use of religion to justify gender relations""
(D) ""The use of religion to structure economic transactions""
(E) ""The use of religion to ponder conceptions of the afterlife""
(F) ""The use of religion to explain social hierarchy""
(G) ""The use of religion to legitimize political power""
(H) ""The use of religion to establish educational systems""
(I) ""The use of religion to justify military conquests""",E,E,"[""QUESTION8 Functions of the law include all but which of the following?""  ""(A) defining the limits of government power""  ""(B) regulating the use of public spaces""  ""(C) keeping the peace""  ""(D) maximizing individual freedom""  ""(E) maintaining order and stability""  ""(F) preventing environmental degradation""  ""(G) providing a basis for compromise""  ""(H) promoting social justice""  ""(I) promoting the principles of the free enterprise system""  ""(J) encouraging economic growth""  ""(I)""]

[""종교와 사후 세계""  ""사후 세계 개념""  ""고대 문명에서는 종교를 통해 사후 세계를 개념화했습니다.""]

[""QUESTION9 The ________ School of jurisprudence postulates that the law is based on what is “correct.”""  ""(A) Legal Pragmatism""  ""(B) Legal Formalism""  ""(C) Comparative""  ""(D) Analytical""  ""(E) Sociological""  ""(F) Historical""  ""(G) Critical Legal Studies""  ""(H) Realist""  ""(I) Positivist""  ""(J) Natural Law""  ""(J)""]",
"QUESTION42) Is the recognition of foreign judgments subject to the same rules as those applicable to the incorporation and transformation of treaties?
(A) Foreign judgments are enforced on the basis of the doctrine of monism
(B) Foreign judgments are enforced on the basis of the doctrine of dualism
(C) Foreign judgments are enforced on the basis of the doctrine of incorporation
(D) The recognition of foreign judgments is dependent on the existence of appropriate bilateral or multilateral treaties
(E) The courts exercise discretion as to the enforcement of foreign judgments on the basis of the rule of reciprocity
(F) Foreign judgments are automatically recognized and enforced without any additional process.
(G) Foreign judgments are enforced on the basis of the doctrine of transformation","QUESTION42) Is the recognition of foreign judgments subject to the same rules as those applicable to the incorporation and transformation of treaties?
(A) Foreign judgments are enforced on the basis of the doctrine of monism
(B) Foreign judgments are enforced on the basis of the doctrine of dualism
(C) Foreign judgments are enforced on the basis of the doctrine of incorporation
(D) The recognition of foreign judgments is dependent on the existence of appropriate bilateral or multilateral treaties
(E) The courts exercise discretion as to the enforcement of foreign judgments on the basis of the rule of reciprocity
(F) Foreign judgments are automatically recognized and enforced without any additional process.
(G) Foreign judgments are enforced on the basis of the doctrine of transformation",D,D,"[""외국 판결의 인정""  ""조약 필요""  ""외국 판결의 인정은 적절한 조약이 존재해야 가능합니다.""]

[""QUESTION9 The ________ School of jurisprudence postulates that the law is based on what is “correct.”""  ""(A) Legal Pragmatism""  ""(B) Legal Formalism""  ""(C) Comparative""  ""(D) Analytical""  ""(E) Sociological""  ""(F) Historical""  ""(G) Critical Legal Studies""  ""(H) Realist""  ""(I) Positivist""  ""(J) Natural Law""  ""(J)""]

[""QUESTION8 Functions of the law include all but which of the following?""  ""(A) defining the limits of government power""  ""(B) regulating the use of public spaces""  ""(C) keeping the peace""  ""(D) maximizing individual freedom""  ""(E) maintaining order and stability""  ""(F) preventing environmental degradation""  ""(G) providing a basis for compromise""  ""(H) promoting social justice""  ""(I) promoting the principles of the free enterprise system""  ""(J) encouraging economic growth""  ""(I)""]",
"QUESTION43) Some contemporary intelligence researchers like Howard Gardner and Robert Sternberg complain that schools focus too much on
(A) nonessential subjects like art and music.
(B) fostering collaborative learning environments.
(C) traditional subjects and methods.
(D) promoting physical education and sports.
(E) cultivating social intelligence.
(F) the development of emotional intelligence.
(G) individual learning styles and preferences.
(H) encouraging creative thought.
(I) the use of technology in education.
(J) the environmental factors that influence the expression of intelligence.","QUESTION43) Some contemporary intelligence researchers like Howard Gardner and Robert Sternberg complain that schools focus too much on
(A) nonessential subjects like art and music.
(B) fostering collaborative learning environments.
(C) traditional subjects and methods.
(D) promoting physical education and sports.
(E) cultivating social intelligence.
(F) the development of emotional intelligence.
(G) individual learning styles and preferences.
(H) encouraging creative thought.
(I) the use of technology in education.
(J) the environmental factors that influence the expression of intelligence.",C,C,"[""학교 교육의 비판""  ""전통적 과목과 방법""  ""Howard Gardner와 Robert Sternberg는 학교가 전통적 과목과 방법에 지나치게 집중한다고 비판했습니다.""]

[""QUESTION9 The ________ School of jurisprudence postulates that the law is based on what is “correct.”""  ""(A) Legal Pragmatism""  ""(B) Legal Formalism""  ""(C) Comparative""  ""(D) Analytical""  ""(E) Sociological""  ""(F) Historical""  ""(G) Critical Legal Studies""  ""(H) Realist""  ""(I) Positivist""  ""(J) Natural Law""  ""(J)""]

[""QUESTION8 Functions of the law include all but which of the following?""  ""(A) defining the limits of government power""  ""(B) regulating the use of public spaces""  ""(C) keeping the peace""  ""(D) maximizing individual freedom""  ""(E) maintaining order and stability""  ""(F) preventing environmental degradation""  ""(G) providing a basis for compromise""  ""(H) promoting social justice""  ""(I) promoting the principles of the free enterprise system""  ""(J) encouraging economic growth""  ""(I)""]",
"QUESTION44) BobGafneyand Susan Medina invested $40,000 and $50,000 respectively in a luncheonette. Since Mr.Gafneyis the manager of the luncheonette, he gets 4% of the net income. Each partner receives 6% interest on his or her investment. Any remaining net income is divided equally. If the net income for any year is $28,600, how is it divided?
(A) Mr. Gafney's income is $12,600 and Ms. Medina's income is $16,000
(B) Mr. Gafney's income is $14,000 and Ms. Medina's income is $14,600
(C) Mr.Gafney's income is $14,572 and Ms. Medina's income is $15,028
(D) Mr.Gafney's income is $15,572 and Ms. Medina's income is $13,028
(E) Mr. Gafney's income is $16,000 and Ms. Medina's income is $12,600
(F) Mr.Gafney's income is $14,572 and Ms. Medina's income is $14,028
(G) Mr. Gafney's income is $15,300 and Ms. Medina's income is $13,300
(H) Mr. Gafney's income is $13,300 and Ms. Medina's income is $15,300
(I) Mr. Gafney's income is $14,600 and Ms. Medina's income is $14,000
(J) Mr.Gafney's income is $13,572 and Ms. Medina's income is $15,028","QUESTION44) BobGafneyand Susan Medina invested $40,000 and $50,000 respectively in a luncheonette. Since Mr.Gafneyis the manager of the luncheonette, he gets 4% of the net income. Each partner receives 6% interest on his or her investment. Any remaining net income is divided equally. If the net income for any year is $28,600, how is it divided?
(A) Mr. Gafney's income is $12,600 and Ms. Medina's income is $16,000
(B) Mr. Gafney's income is $14,000 and Ms. Medina's income is $14,600
(C) Mr.Gafney's income is $14,572 and Ms. Medina's income is $15,028
(D) Mr.Gafney's income is $15,572 and Ms. Medina's income is $13,028
(E) Mr. Gafney's income is $16,000 and Ms. Medina's income is $12,600
(F) Mr.Gafney's income is $14,572 and Ms. Medina's income is $14,028
(G) Mr. Gafney's income is $15,300 and Ms. Medina's income is $13,300
(H) Mr. Gafney's income is $13,300 and Ms. Medina's income is $15,300
(I) Mr. Gafney's income is $14,600 and Ms. Medina's income is $14,000
(J) Mr.Gafney's income is $13,572 and Ms. Medina's income is $15,028",C,F,"[""QUESTION7 Ms. Chen purchased a used car  worth $1 650  on the installment plan  paying $50 down and $1 840 in monthly installment payments over a period of two years. What annual interest rate did she pay?""  ""(A) 10%""  ""(B) 17.5%""  ""(C) 15.2%""  ""(D) 13.3%""  ""(E) 20%""  ""(F) 19.8%""  ""(G) 18%""  ""(H) 16%""  ""(I) 12%""  ""(J) 14.4%""  ""(J)""]

[""소득 분배 계산""  ""순소득 분배 방식""  ""순소득 분배는 투자와 역할에 따라 공정하게 계산됩니다.""]

[""QUESTION11 성적이 A0인 경우 ________의 성적점을 받는다.""  ""(A) 4.3""  ""(B) 4.2""  ""(C) 4.1""  ""(D) 4.0""  ""(E) 3.9""  ""(F) 3.8""  ""(G) 3.7""  ""(H) 3.6""  ""(I) 3.5""  ""(J) 3.0""  ""(D)""]",
"QUESTION45) One objection to Singer’s theory that he considers is that it:
(A) inappropriately makes proximity morally important.
(B) fails to consider the cultural differences in moral norms.
(C) overlooks the role of government and institutions in addressing suffering.
(D) does not do enough to address suffering in other countries besides our own.
(E) does not account for the fact that we have stricter obligations to our loved ones than to strangers.
(F) does not address the issue of moral obligations to non-human animals.
(G) ignores the importance of self-interest in human behavior.
(H) assumes that all individuals have the same capacity to alleviate suffering.
(I) does not provide a clear definition of what constitutes suffering.
(J) requires too drastic a revision to our moral scheme.","QUESTION45) One objection to Singer’s theory that he considers is that it:
(A) inappropriately makes proximity morally important.
(B) fails to consider the cultural differences in moral norms.
(C) overlooks the role of government and institutions in addressing suffering.
(D) does not do enough to address suffering in other countries besides our own.
(E) does not account for the fact that we have stricter obligations to our loved ones than to strangers.
(F) does not address the issue of moral obligations to non-human animals.
(G) ignores the importance of self-interest in human behavior.
(H) assumes that all individuals have the same capacity to alleviate suffering.
(I) does not provide a clear definition of what constitutes suffering.
(J) requires too drastic a revision to our moral scheme.",J,J,"[""QUESTION6 In Singer’s understanding  the principle of the equality of human beings is""  ""(A) a description of an alleged actual equality among humans.""  ""(B) a description of an alleged equality among all living beings.""  ""(C) a prescription of how we should treat nonhuman animals.""  ""(D) a description of an alleged inequality among all living beings.""  ""(E) a prescription of how we should treat humans.""  ""(F) a description of an alleged actual inequality among humans.""  ""(G) a description of an alleged actual superiority of humans over nonhuman animals.""  ""(H) a prescription of how we should treat both human and nonhuman animals equally.""  ""(I) a prescription of how we should treat nonhuman animals differently.""  ""(J) a prescription of how we should treat the environment.""  ""(E)""]

[""Singer의 이론 비판""  ""도덕 체계 수정 필요성""  ""Singer의 이론은 기존 도덕 체계의 급진적인 수정이 필요하다는 비판을 받습니다.""]

[""QUESTION9 The ________ School of jurisprudence postulates that the law is based on what is “correct.”""  ""(A) Legal Pragmatism""  ""(B) Legal Formalism""  ""(C) Comparative""  ""(D) Analytical""  ""(E) Sociological""  ""(F) Historical""  ""(G) Critical Legal Studies""  ""(H) Realist""  ""(I) Positivist""  ""(J) Natural Law""  ""(J)""]",
"QUESTION46) In 1797, John Frere made a discovery that he described as:
(A) a new type of metal alloy.
(B) the earliest written documents.
(C) the remains of a massive wooden ship believed to be Noah's Ark.
(D) animal remains scattered on the surface of the ground.
(E) the ruins of an ancient civilization under the sea.
(F) fossils of a previously unknown dinosaur species.
(G) cave paintings depicting ancient hunting scenes.
(H) human skulls with ape-like features.
(I) primitive stone tools excavated at great depth.
(J) a hidden underground city.","QUESTION46) In 1797, John Frere made a discovery that he described as:
(A) a new type of metal alloy.
(B) the earliest written documents.
(C) the remains of a massive wooden ship believed to be Noah's Ark.
(D) animal remains scattered on the surface of the ground.
(E) the ruins of an ancient civilization under the sea.
(F) fossils of a previously unknown dinosaur species.
(G) cave paintings depicting ancient hunting scenes.
(H) human skulls with ape-like features.
(I) primitive stone tools excavated at great depth.
(J) a hidden underground city.",I,I,"[""John Frere 발견""  ""원시 석기""  ""John Frere는 원시 석기를 발굴하며 초기 인류 연구에 기여했습니다.""]

[""QUESTION6 In Singer’s understanding  the principle of the equality of human beings is""  ""(A) a description of an alleged actual equality among humans.""  ""(B) a description of an alleged equality among all living beings.""  ""(C) a prescription of how we should treat nonhuman animals.""  ""(D) a description of an alleged inequality among all living beings.""  ""(E) a prescription of how we should treat humans.""  ""(F) a description of an alleged actual inequality among humans.""  ""(G) a description of an alleged actual superiority of humans over nonhuman animals.""  ""(H) a prescription of how we should treat both human and nonhuman animals equally.""  ""(I) a prescription of how we should treat nonhuman animals differently.""  ""(J) a prescription of how we should treat the environment.""  ""(E)""]

[""QUESTION9 The ________ School of jurisprudence postulates that the law is based on what is “correct.”""  ""(A) Legal Pragmatism""  ""(B) Legal Formalism""  ""(C) Comparative""  ""(D) Analytical""  ""(E) Sociological""  ""(F) Historical""  ""(G) Critical Legal Studies""  ""(H) Realist""  ""(I) Positivist""  ""(J) Natural Law""  ""(J)""]",
"QUESTION47) Pick the correct description of the following term: Utilitarianism is…
(A) A theory which states that an action is morally right if it promotes the greatest good for the decision maker
(B) A theory which states that an action is morally right if it results in a balanced distribution of good and bad outcomes
(C) A theory which states that an action is morally right if it promotes the greatest good for the fewest people
(D) A theory which states that an action is morally right if it promotes the least harm for the greatest number
(E) A theory which states that an action is morally wrong if it promotes the greatest good for the majority
(F) A theory which states that an action is morally incorrect if it promotes the greatest good for the greatest number
(G) A theory which states that an action is morally right if it promotes the greatest good for the greatest number
(H) A theory which states that an action is morally right if it promotes the greatest harm for the smallest number
(I) A theory which states that an action is morally right if it promotes the greatest good for the individual performing the action
(J) A theory which states that an action is morally right if it promotes the greatest good for the smallest number","QUESTION47) Pick the correct description of the following term: Utilitarianism is…
(A) A theory which states that an action is morally right if it promotes the greatest good for the decision maker
(B) A theory which states that an action is morally right if it results in a balanced distribution of good and bad outcomes
(C) A theory which states that an action is morally right if it promotes the greatest good for the fewest people
(D) A theory which states that an action is morally right if it promotes the least harm for the greatest number
(E) A theory which states that an action is morally wrong if it promotes the greatest good for the majority
(F) A theory which states that an action is morally incorrect if it promotes the greatest good for the greatest number
(G) A theory which states that an action is morally right if it promotes the greatest good for the greatest number
(H) A theory which states that an action is morally right if it promotes the greatest harm for the smallest number
(I) A theory which states that an action is morally right if it promotes the greatest good for the individual performing the action
(J) A theory which states that an action is morally right if it promotes the greatest good for the smallest number",G,G,"[""공리주의""  ""최대 다수의 최대 행복""  ""공리주의는 최대 다수의 최대 행복을 도덕적 기준으로 삼습니다.""]

[""QUESTION9 The ________ School of jurisprudence postulates that the law is based on what is “correct.”""  ""(A) Legal Pragmatism""  ""(B) Legal Formalism""  ""(C) Comparative""  ""(D) Analytical""  ""(E) Sociological""  ""(F) Historical""  ""(G) Critical Legal Studies""  ""(H) Realist""  ""(I) Positivist""  ""(J) Natural Law""  ""(J)""]

[""QUESTION8 Functions of the law include all but which of the following?""  ""(A) defining the limits of government power""  ""(B) regulating the use of public spaces""  ""(C) keeping the peace""  ""(D) maximizing individual freedom""  ""(E) maintaining order and stability""  ""(F) preventing environmental degradation""  ""(G) providing a basis for compromise""  ""(H) promoting social justice""  ""(I) promoting the principles of the free enterprise system""  ""(J) encouraging economic growth""  ""(I)""]",
"QUESTION48) Which of the following describes a key change in hominids beginning at least as early as Homo erectus that is probably related to increasingly larger brain size?
(A) cranial reduction
(B) decreased dentition
(C) microcephaly
(D) supraorbital cortex
(E) encephalization
(F) opposable thumbs
(G) prognathism
(H) neoteny
(I) bipedalism
(J) increased body size","QUESTION48) Which of the following describes a key change in hominids beginning at least as early as Homo erectus that is probably related to increasingly larger brain size?
(A) cranial reduction
(B) decreased dentition
(C) microcephaly
(D) supraorbital cortex
(E) encephalization
(F) opposable thumbs
(G) prognathism
(H) neoteny
(I) bipedalism
(J) increased body size",E,H,"[""인류 진화""  ""뇌 크기와 연결된 변화""  ""뇌 크기의 증가와 관련된 Homo erectus의 주요 변화는 '신생화(Encephalization)'입니다.""]

[""Homo erectus 특징""  ""뇌 크기 증가""  ""Homo erectus는 Homo habilis에 비해 더 큰 뇌를 가졌습니다.""]

[""인류 진화""  ""직립보행과 관련""  ""Homo sapiens와 Australopithecus afarensis는 직립보행을 공통적으로 가지고 있습니다.""]",
"QUESTION49) Delia was accepted to both Harvard University and Yale University and is having difficulty choosing which school to attend. With which of the following conflicts is she faced?
(A) cognitive-dissonance
(B) intrinsic-extrinsic
(C) reward-punishment
(D) internal-external
(E) frustration-aggression
(F) approach-avoidance
(G) approach-approach
(H) avoidance-avoidance
(I) passive-aggressive
(J) positive-negative","QUESTION49) Delia was accepted to both Harvard University and Yale University and is having difficulty choosing which school to attend. With which of the following conflicts is she faced?
(A) cognitive-dissonance
(B) intrinsic-extrinsic
(C) reward-punishment
(D) internal-external
(E) frustration-aggression
(F) approach-avoidance
(G) approach-approach
(H) avoidance-avoidance
(I) passive-aggressive
(J) positive-negative",G,G,"[""갈등 유형""  ""접근-접근 갈등""  ""두 가지 긍정적 선택지 사이에서의 어려움은 접근-접근 갈등으로 설명됩니다.""]

[""QUESTION9 The ________ School of jurisprudence postulates that the law is based on what is “correct.”""  ""(A) Legal Pragmatism""  ""(B) Legal Formalism""  ""(C) Comparative""  ""(D) Analytical""  ""(E) Sociological""  ""(F) Historical""  ""(G) Critical Legal Studies""  ""(H) Realist""  ""(I) Positivist""  ""(J) Natural Law""  ""(J)""]

[""QUESTION15 학사학위의 종류를 확인하려면 이화여자대학교 학칙의 몇 페이지를 봐야 하는가?""  ""(A) 10""  ""(B) 29""  ""(C) 39""  ""(D) 40""  ""(E) 41""  ""(F) 49""  ""(G) 50""  ""(H) 51""  ""(I) 52""  ""(H)""]",
"QUESTION50) Which is the least accurate description of legal positivism?
(A) It perceives law as arbitrary and without any logical structure.
(B) It regards morals and law as inseparable.
(C) It espouses the view that there is no necessary connection between morality and law.
(D) It regards a legal order as a closed logical system.
(E) It perceives law as commands.
(F) It regards law as suggestions rather than commands.
(G) It asserts that law is based on personal beliefs and opinions.
(H) It implies that legal decisions are made purely on emotional grounds.
(I) It views law as inherently just and moral.
(J) It suggests that morality is the only basis of law.","QUESTION50) Which is the least accurate description of legal positivism?
(A) It perceives law as arbitrary and without any logical structure.
(B) It regards morals and law as inseparable.
(C) It espouses the view that there is no necessary connection between morality and law.
(D) It regards a legal order as a closed logical system.
(E) It perceives law as commands.
(F) It regards law as suggestions rather than commands.
(G) It asserts that law is based on personal beliefs and opinions.
(H) It implies that legal decisions are made purely on emotional grounds.
(I) It views law as inherently just and moral.
(J) It suggests that morality is the only basis of law.",J,B,"[""QUESTION9 The ________ School of jurisprudence postulates that the law is based on what is “correct.”""  ""(A) Legal Pragmatism""  ""(B) Legal Formalism""  ""(C) Comparative""  ""(D) Analytical""  ""(E) Sociological""  ""(F) Historical""  ""(G) Critical Legal Studies""  ""(H) Realist""  ""(I) Positivist""  ""(J) Natural Law""  ""(J)""]

[""QUESTION8 Functions of the law include all but which of the following?""  ""(A) defining the limits of government power""  ""(B) regulating the use of public spaces""  ""(C) keeping the peace""  ""(D) maximizing individual freedom""  ""(E) maintaining order and stability""  ""(F) preventing environmental degradation""  ""(G) providing a basis for compromise""  ""(H) promoting social justice""  ""(I) promoting the principles of the free enterprise system""  ""(J) encouraging economic growth""  ""(I)""]

[""법 실증주의 비판""  ""도덕과 법의 불가분성""  ""법 실증주의는 도덕과 법을 분리할 수 없다고 비판받습니다.""]",
